calendar.year,variable,value
2005,Scheduled Law,0.11088980239288546
2006,Scheduled Law,0.11009089601242979
2007,Scheduled Law,0.1123532664358174
2008,Scheduled Law,0.11533282945655698
2009,Scheduled Law,0.12744613244971578
2010,Scheduled Law,0.13811924563224573
2011,Scheduled Law,0.13686109240963185
2012,Scheduled Law,0.13844612298021564
2013,Scheduled Law,0.13957097916062566
2014,Scheduled Law,0.14085104582818858
2015,Scheduled Law,0.13029758248501164
2016,Scheduled Law,0.1364699620268973
2017,Scheduled Law,0.1351618491666298
2018,Scheduled Law,0.13656905727337176
2019,Scheduled Law,0.1383936260658512
2020,Scheduled Law,0.14125820475889006
2021,Scheduled Law,0.14201265458759732
2022,Scheduled Law,0.14577463917736447
2023,Scheduled Law,0.14655959854621065
2024,Scheduled Law,0.1508871239247131
2025,Scheduled Law,0.15438626544870548
2026,Scheduled Law,0.15511600045913437
2027,Scheduled Law,0.15763790594772703
2028,Scheduled Law,0.15852538822957143
2029,Scheduled Law,0.16046187515829272
2030,Scheduled Law,0.16196414661586353
2031,Scheduled Law,0.16334663737217284
2032,Scheduled Law,0.1640530876036948
2033,Scheduled Law,0.16721773853967895
2034,Scheduled Law,0.1692332479461314
2035,Scheduled Law,0.16950580376837887
2036,Scheduled Law,0.16863866991395896
2037,Scheduled Law,0.16914256218456383
2038,Scheduled Law,0.16906475893634987
2039,Scheduled Law,0.16898375529559595
2040,Scheduled Law,0.16922678779013553
2041,Scheduled Law,0.16796713569162366
2042,Scheduled Law,0.16804161384572402
2043,Scheduled Law,0.16870411643865327
2044,Scheduled Law,0.168688196232363
2045,Scheduled Law,0.1662299763132218
2046,Scheduled Law,0.16718563048949692
2047,Scheduled Law,0.1667996103337772
2048,Scheduled Law,0.16648682532172035
2049,Scheduled Law,0.1672641624322055
2050,Scheduled Law,0.16776228902376022
2051,Scheduled Law,0.1666396753034127
2052,Scheduled Law,0.16775185366666978
2053,Scheduled Law,0.16714510470574517
2054,Scheduled Law,0.16790497058279405
2055,Scheduled Law,0.1689515133213341
2056,Scheduled Law,0.16872224977615358
2057,Scheduled Law,0.16851207449625735
2058,Scheduled Law,0.16940500217738433
2059,Scheduled Law,0.17121940313011266
2060,Scheduled Law,0.17051626336991116
2061,Scheduled Law,0.1730502192283278
2062,Scheduled Law,0.17299982209004736
2063,Scheduled Law,0.17448992356518433
2064,Scheduled Law,0.17425079813540562
2065,Scheduled Law,0.1734265906016073
2066,Scheduled Law,0.17315892854191134
2067,Scheduled Law,0.17645366110204316
2068,Scheduled Law,0.17551335856929942
2069,Scheduled Law,0.17657416819930633
2070,Scheduled Law,0.1778180234143914
2071,Scheduled Law,0.17835413066699754
2072,Scheduled Law,0.17799298513005052
2073,Scheduled Law,0.17859925180096206
2074,Scheduled Law,0.17860418104440576
2075,Scheduled Law,0.18028939603308747
2076,Scheduled Law,0.17965418855317694
2077,Scheduled Law,0.18067041819897378
2078,Scheduled Law,0.17972358842409897
2079,Scheduled Law,0.1787327769747848
2080,Scheduled Law,0.1803454914206109
2081,Scheduled Law,0.17996075210368817
2082,Scheduled Law,0.18060648796515927
2083,Scheduled Law,0.1797984558841232
2084,Scheduled Law,0.18091441968961466
2085,Scheduled Law,0.1817025388129262
2086,Scheduled Law,0.18227171345721074
2087,Scheduled Law,0.1864220210284454
2088,Scheduled Law,0.1868649070622434
2089,Scheduled Law,0.18731438205410797
2090,Scheduled Law,0.18776563151013928
2005,Payable Law,0.11088980239288546
2006,Payable Law,0.11009089601242979
2007,Payable Law,0.1123532664358174
2008,Payable Law,0.11533282945655698
2009,Payable Law,0.12744613244971578
2010,Payable Law,0.13811924563224573
2011,Payable Law,0.13686109240963185
2012,Payable Law,0.13844612298021564
2013,Payable Law,0.13957097916062566
2014,Payable Law,0.14085104582818858
2015,Payable Law,0.13029758248501164
2016,Payable Law,0.1364699620268973
2017,Payable Law,0.1351618491666298
2018,Payable Law,0.13656906493143828
2019,Payable Law,0.13839363952519115
2020,Payable Law,0.14125822880379335
2021,Payable Law,0.14201265458759732
2022,Payable Law,0.14577463917736447
2023,Payable Law,0.14655959854621065
2024,Payable Law,0.1508871239247131
2025,Payable Law,0.15438626544870548
2026,Payable Law,0.1551158724752596
2027,Payable Law,0.15763790594772703
2028,Payable Law,0.15852538822957143
2029,Payable Law,0.16046187515829272
2030,Payable Law,0.16196414661586353
2031,Payable Law,0.16334663737217284
2032,Payable Law,0.1640530876036948
2033,Payable Law,0.16721773853967895
2034,Payable Law,0.13423390835821833
2035,Payable Law,0.12962226394865273
2036,Payable Law,0.12973296172198256
2037,Payable Law,0.12967362714172675
2038,Payable Law,0.12969493885301883
2039,Payable Law,0.12971149509078367
2040,Payable Law,0.12972382493053505
2041,Payable Law,0.12985023775616988
2042,Payable Law,0.12984820757996374
2043,Payable Law,0.12986516352783753
2044,Payable Law,0.12992936331625332
2045,Payable Law,0.12996481473031696
2046,Payable Law,0.13004933289731263
2047,Payable Law,0.1300834687425452
2048,Payable Law,0.13010513801929074
2049,Payable Law,0.13018954222118453
2050,Payable Law,0.1302282276611464
2051,Payable Law,0.13025398958737067
2052,Payable Law,0.13029456004853726
2053,Payable Law,0.13032717317002065
2054,Payable Law,0.1304363568034721
2055,Payable Law,0.1304963677201101
2056,Payable Law,0.130513413592072
2057,Payable Law,0.13065209059330574
2058,Payable Law,0.13063103601041207
2059,Payable Law,0.13070896682324534
2060,Payable Law,0.130772526935716
2061,Payable Law,0.1307748979293938
2062,Payable Law,0.13081667045478676
2063,Payable Law,0.13089354089769661
2064,Payable Law,0.130933830328058
2065,Payable Law,0.13099782244733085
2066,Payable Law,0.13102878106184027
2067,Payable Law,0.13110232616672549
2068,Payable Law,0.1310842055738696
2069,Payable Law,0.1311150944575916
2070,Payable Law,0.13116296340529995
2071,Payable Law,0.13124430524909333
2072,Payable Law,0.13125907939813414
2073,Payable Law,0.13129389586927417
2074,Payable Law,0.1313093222628945
2075,Payable Law,0.1313446203993995
2076,Payable Law,0.13140205960271378
2077,Payable Law,0.1314189412476266
2078,Payable Law,0.13144493958430803
2079,Payable Law,0.13145901050723185
2080,Payable Law,0.13156386396697747
2081,Payable Law,0.1315634315621845
2082,Payable Law,0.13155326541741283
2083,Payable Law,0.13168571308506113
2084,Payable Law,0.131734876621892
2085,Payable Law,0.13167098955439244
2086,Payable Law,0.13174447561922295
2087,Payable Law,0.13181627799694268
2088,Payable Law,0.13183859676132467
2089,Payable Law,0.13186022239489767
2090,Payable Law,0.1318821631288562
2005,Annual PIA,0.11088980239288546
2006,Annual PIA,0.11009089601242979
2007,Annual PIA,0.1123532664358174
2008,Annual PIA,0.11533282945655698
2009,Annual PIA,0.12744613244971578
2010,Annual PIA,0.13811924563224573
2011,Annual PIA,0.13686109240963185
2012,Annual PIA,0.13844612298021564
2013,Annual PIA,0.13957097916062566
2014,Annual PIA,0.14085104582818858
2015,Annual PIA,0.13030790468634337
2016,Annual PIA,0.1364856683734399
2017,Annual PIA,0.13517425224184124
2018,Annual PIA,0.136583273919537
2019,Annual PIA,0.13840980055785929
2020,Annual PIA,0.14127293486216633
2021,Annual PIA,0.14203251459335753
2022,Annual PIA,0.1458042428007912
2023,Annual PIA,0.14663295917858768
2024,Annual PIA,0.15102822936086766
2025,Annual PIA,0.15468548414756245
2026,Annual PIA,0.15564625009622843
2027,Annual PIA,0.15850147720639562
2028,Annual PIA,0.1597808269142429
2029,Annual PIA,0.16226647390059956
2030,Annual PIA,0.1643809033354226
2031,Annual PIA,0.16643981160388344
2032,Annual PIA,0.16784834090311637
2033,Annual PIA,0.17184859211399678
2034,Annual PIA,0.17465577594575518
2035,Annual PIA,0.17563451799258406
2036,Annual PIA,0.17538737346789388
2037,Annual PIA,0.17644769236989966
2038,Annual PIA,0.17694562624744992
2039,Annual PIA,0.17740793658796267
2040,Annual PIA,0.17823857008267083
2041,Annual PIA,0.17751508663521276
2042,Annual PIA,0.17807804078763378
2043,Annual PIA,0.1792862690428674
2044,Annual PIA,0.1797876407121179
2045,Annual PIA,0.1776108564844105
2046,Annual PIA,0.1790948641247192
2047,Annual PIA,0.1791127047151896
2048,Annual PIA,0.1791428791886596
2049,Annual PIA,0.18030085602301338
2050,Annual PIA,0.1812333915069118
2051,Annual PIA,0.18032418787754043
2052,Annual PIA,0.18186764278342146
2053,Annual PIA,0.18150292954105776
2054,Annual PIA,0.18265477022825566
2055,Annual PIA,0.18405723269714985
2056,Annual PIA,0.1840131331175365
2057,Annual PIA,0.18398761844468772
2058,Annual PIA,0.18515637449331537
2059,Annual PIA,0.18728879751935673
2060,Annual PIA,0.18653135786824676
2061,Annual PIA,0.1893046463536577
2062,Annual PIA,0.1893244934177607
2063,Annual PIA,0.19104341624688898
2064,Annual PIA,0.19083675287918508
2065,Annual PIA,0.1900046462982146
2066,Annual PIA,0.18976338492757408
2067,Annual PIA,0.1934195507579485
2068,Annual PIA,0.19241071108478777
2069,Annual PIA,0.1935711687351509
2070,Annual PIA,0.194932666929938
2071,Annual PIA,0.1955617067594669
2072,Annual PIA,0.19511998928849617
2073,Annual PIA,0.1957814373119509
2074,Annual PIA,0.1958147259022724
2075,Annual PIA,0.19765070256148964
2076,Annual PIA,0.1969789234702922
2077,Annual PIA,0.1981062736796429
2078,Annual PIA,0.1970395816444867
2079,Annual PIA,0.19599369816081746
2080,Annual PIA,0.1977728537538905
2081,Annual PIA,0.19734624909140788
2082,Annual PIA,0.19810847140364582
2083,Annual PIA,0.19720613557165856
2084,Annual PIA,0.19848306249921663
2085,Annual PIA,0.1993257604798176
2086,Annual PIA,0.1999300084414346
2087,Annual PIA,0.2046626124782345
2088,Annual PIA,0.2051497396922437
2089,Annual PIA,0.20564409012031842
2090,Annual PIA,0.2061403659007983
2005,Increase Benefits Taxation,0.11088980239288546
2006,Increase Benefits Taxation,0.11009089601242979
2007,Increase Benefits Taxation,0.1123532664358174
2008,Increase Benefits Taxation,0.11533282945655698
2009,Increase Benefits Taxation,0.12744613244971578
2010,Increase Benefits Taxation,0.13811924563224573
2011,Increase Benefits Taxation,0.13686109240963185
2012,Increase Benefits Taxation,0.13844612298021564
2013,Increase Benefits Taxation,0.13957097916062566
2014,Increase Benefits Taxation,0.14085104582818858
2015,Increase Benefits Taxation,0.13029758248501164
2016,Increase Benefits Taxation,0.1364699620268973
2017,Increase Benefits Taxation,0.1351618491666298
2018,Increase Benefits Taxation,0.13656906493143828
2019,Increase Benefits Taxation,0.13839363952519115
2020,Increase Benefits Taxation,0.14125822880379335
2021,Increase Benefits Taxation,0.14201258940670974
2022,Increase Benefits Taxation,0.14577457398804805
2023,Increase Benefits Taxation,0.1465595540107535
2024,Increase Benefits Taxation,0.15088704560245722
2025,Increase Benefits Taxation,0.1543861690032262
2026,Increase Benefits Taxation,0.15511577854026604
2027,Increase Benefits Taxation,0.15763782871218482
2028,Increase Benefits Taxation,0.15852529799594936
2029,Increase Benefits Taxation,0.16046180494839335
2030,Increase Benefits Taxation,0.1619641328646755
2031,Increase Benefits Taxation,0.16334664785108444
2032,Increase Benefits Taxation,0.16405322824618748
2033,Increase Benefits Taxation,0.16721787853238448
2034,Increase Benefits Taxation,0.1692332479461314
2035,Increase Benefits Taxation,0.16950580376837887
2036,Increase Benefits Taxation,0.16863866991395896
2037,Increase Benefits Taxation,0.16914256218456383
2038,Increase Benefits Taxation,0.16906475893634987
2039,Increase Benefits Taxation,0.16898375529559595
2040,Increase Benefits Taxation,0.16922678779013553
2041,Increase Benefits Taxation,0.16796713569162366
2042,Increase Benefits Taxation,0.16804161384572402
2043,Increase Benefits Taxation,0.16870411643865327
2044,Increase Benefits Taxation,0.168688196232363
2045,Increase Benefits Taxation,0.1662299763132218
2046,Increase Benefits Taxation,0.16718563048949692
2047,Increase Benefits Taxation,0.1667996103337772
2048,Increase Benefits Taxation,0.16648682532172035
2049,Increase Benefits Taxation,0.1672641624322055
2050,Increase Benefits Taxation,0.16776228902376022
2051,Increase Benefits Taxation,0.1666396753034127
2052,Increase Benefits Taxation,0.16775185366666978
2053,Increase Benefits Taxation,0.16714510470574517
2054,Increase Benefits Taxation,0.16790497058279405
2055,Increase Benefits Taxation,0.1689515133213341
2056,Increase Benefits Taxation,0.16872224977615358
2057,Increase Benefits Taxation,0.16851207449625735
2058,Increase Benefits Taxation,0.16940500217738433
2059,Increase Benefits Taxation,0.17121940313011266
2060,Increase Benefits Taxation,0.17051626336991116
2061,Increase Benefits Taxation,0.1730502192283278
2062,Increase Benefits Taxation,0.17299982209004736
2063,Increase Benefits Taxation,0.17448992356518433
2064,Increase Benefits Taxation,0.17425079813540562
2065,Increase Benefits Taxation,0.1734265906016073
2066,Increase Benefits Taxation,0.17315892854191134
2067,Increase Benefits Taxation,0.17645366110204316
2068,Increase Benefits Taxation,0.17551335856929942
2069,Increase Benefits Taxation,0.17657416819930633
2070,Increase Benefits Taxation,0.1778180234143914
2071,Increase Benefits Taxation,0.17835413066699754
2072,Increase Benefits Taxation,0.17799298513005052
2073,Increase Benefits Taxation,0.17859925180096206
2074,Increase Benefits Taxation,0.17860418104440576
2075,Increase Benefits Taxation,0.18028939603308747
2076,Increase Benefits Taxation,0.17965418855317694
2077,Increase Benefits Taxation,0.18067041819897378
2078,Increase Benefits Taxation,0.17972358842409897
2079,Increase Benefits Taxation,0.1787327769747848
2080,Increase Benefits Taxation,0.1803454914206109
2081,Increase Benefits Taxation,0.17996075210368817
2082,Increase Benefits Taxation,0.18060648796515927
2083,Increase Benefits Taxation,0.1797984558841232
2084,Increase Benefits Taxation,0.18091441968961466
2085,Increase Benefits Taxation,0.1817025388129262
2086,Increase Benefits Taxation,0.18227171345721074
2087,Increase Benefits Taxation,0.1864220210284454
2088,Increase Benefits Taxation,0.1868649070622434
2089,Increase Benefits Taxation,0.18731438205410797
2090,Increase Benefits Taxation,0.18776563151013928
2005,Cap Spouse Benefits,0.11088980239288546
2006,Cap Spouse Benefits,0.11009089601242979
2007,Cap Spouse Benefits,0.1123532664358174
2008,Cap Spouse Benefits,0.11533282945655698
2009,Cap Spouse Benefits,0.12744613244971578
2010,Cap Spouse Benefits,0.13811924563224573
2011,Cap Spouse Benefits,0.13686109240963185
2012,Cap Spouse Benefits,0.13844612298021564
2013,Cap Spouse Benefits,0.13957097916062566
2014,Cap Spouse Benefits,0.14085104582818858
2015,Cap Spouse Benefits,0.13029758248501164
2016,Cap Spouse Benefits,0.1364699620268973
2017,Cap Spouse Benefits,0.1351618491666298
2018,Cap Spouse Benefits,0.13656906493143828
2019,Cap Spouse Benefits,0.13839363952519115
2020,Cap Spouse Benefits,0.14125822880379335
2021,Cap Spouse Benefits,0.14201265458759732
2022,Cap Spouse Benefits,0.14575417680792868
2023,Cap Spouse Benefits,0.14648910003255614
2024,Cap Spouse Benefits,0.15074998755117316
2025,Cap Spouse Benefits,0.15413903594696393
2026,Cap Spouse Benefits,0.15473923966455683
2027,Cap Spouse Benefits,0.15707801891119216
2028,Cap Spouse Benefits,0.15780612844235256
2029,Cap Spouse Benefits,0.15956405325809764
2030,Cap Spouse Benefits,0.16091379239938255
2031,Cap Spouse Benefits,0.16216089484243423
2032,Cap Spouse Benefits,0.16276248915064578
2033,Cap Spouse Benefits,0.1657833907779008
2034,Cap Spouse Benefits,0.16766398460648757
2035,Cap Spouse Benefits,0.16783713428283206
2036,Cap Spouse Benefits,0.16690767020457234
2037,Cap Spouse Benefits,0.16732599455245734
2038,Cap Spouse Benefits,0.16718773890715183
2039,Cap Spouse Benefits,0.1670196194621644
2040,Cap Spouse Benefits,0.16719060761126606
2041,Cap Spouse Benefits,0.16588914149138595
2042,Cap Spouse Benefits,0.165944504699332
2043,Cap Spouse Benefits,0.1665674459959376
2044,Cap Spouse Benefits,0.16649429914804892
2045,Cap Spouse Benefits,0.16405130576337199
2046,Cap Spouse Benefits,0.1649463986717264
2047,Cap Spouse Benefits,0.16448915079552975
2048,Cap Spouse Benefits,0.16417055178542114
2049,Cap Spouse Benefits,0.16491090421078294
2050,Cap Spouse Benefits,0.16537820163782058
2051,Cap Spouse Benefits,0.16425121555690161
2052,Cap Spouse Benefits,0.16533145078909603
2053,Cap Spouse Benefits,0.16473601295895254
2054,Cap Spouse Benefits,0.16544430888698994
2055,Cap Spouse Benefits,0.16648493716946536
2056,Cap Spouse Benefits,0.16625781902231843
2057,Cap Spouse Benefits,0.16606884291418186
2058,Cap Spouse Benefits,0.16696812479558323
2059,Cap Spouse Benefits,0.16873730576938425
2060,Cap Spouse Benefits,0.16805204172560373
2061,Cap Spouse Benefits,0.1705675696530334
2062,Cap Spouse Benefits,0.17051854575898015
2063,Cap Spouse Benefits,0.17199885070172327
2064,Cap Spouse Benefits,0.1717804070545226
2065,Cap Spouse Benefits,0.17094857315213038
2066,Cap Spouse Benefits,0.17070272414347015
2067,Cap Spouse Benefits,0.17398061708380683
2068,Cap Spouse Benefits,0.17305280730677655
2069,Cap Spouse Benefits,0.1740963990523862
2070,Cap Spouse Benefits,0.1753199776868757
2071,Cap Spouse Benefits,0.1758062004584072
2072,Cap Spouse Benefits,0.17544696115965336
2073,Cap Spouse Benefits,0.17602418088685964
2074,Cap Spouse Benefits,0.1760180743090593
2075,Cap Spouse Benefits,0.1776259695609308
2076,Cap Spouse Benefits,0.1769467538772555
2077,Cap Spouse Benefits,0.1779266007755003
2078,Cap Spouse Benefits,0.17699914988721485
2079,Cap Spouse Benefits,0.17600807832456608
2080,Cap Spouse Benefits,0.1775391674914803
2081,Cap Spouse Benefits,0.17716837207050984
2082,Cap Spouse Benefits,0.17782125566107562
2083,Cap Spouse Benefits,0.1770328095285987
2084,Cap Spouse Benefits,0.17811692661002998
2085,Cap Spouse Benefits,0.17891075109161264
2086,Cap Spouse Benefits,0.17947076224194125
2087,Cap Spouse Benefits,0.18356110352965183
2088,Cap Spouse Benefits,0.18399705062361438
2089,Cap Spouse Benefits,0.18443948719673728
2090,Cap Spouse Benefits,0.18488367456819332
2005,75% Survivor Benefit,0.11088980239288546
2006,75% Survivor Benefit,0.11009089601242979
2007,75% Survivor Benefit,0.1123532664358174
2008,75% Survivor Benefit,0.11533282945655698
2009,75% Survivor Benefit,0.12744613244971578
2010,75% Survivor Benefit,0.13811924563224573
2011,75% Survivor Benefit,0.13686109240963185
2012,75% Survivor Benefit,0.13844612298021564
2013,75% Survivor Benefit,0.13957097916062566
2014,75% Survivor Benefit,0.14085104582818858
2015,75% Survivor Benefit,0.13029758248501164
2016,75% Survivor Benefit,0.1364699620268973
2017,75% Survivor Benefit,0.1351618491666298
2018,75% Survivor Benefit,0.13656906493143828
2019,75% Survivor Benefit,0.13839363952519115
2020,75% Survivor Benefit,0.14125822880379335
2021,75% Survivor Benefit,0.14201265458759732
2022,75% Survivor Benefit,0.14571791251980248
2023,75% Survivor Benefit,0.1463717837431228
2024,75% Survivor Benefit,0.1504923329345207
2025,75% Survivor Benefit,0.1536446056812974
2026,75% Survivor Benefit,0.15401559228566256
2027,75% Survivor Benefit,0.15603496136105707
2028,75% Survivor Benefit,0.15648205195913495
2029,75% Survivor Benefit,0.15795818729002423
2030,75% Survivor Benefit,0.15900361405570423
2031,75% Survivor Benefit,0.15999282165283155
2032,75% Survivor Benefit,0.16028296274276774
2033,75% Survivor Benefit,0.1630423214388183
2034,75% Survivor Benefit,0.16468899089373337
2035,75% Survivor Benefit,0.16465223441787794
2036,75% Survivor Benefit,0.16363580001064243
2037,75% Survivor Benefit,0.16388322689641374
2038,75% Survivor Benefit,0.16369848649328983
2039,75% Survivor Benefit,0.16357180799858842
2040,75% Survivor Benefit,0.16363218492013581
2041,75% Survivor Benefit,0.16237096690408537
2042,75% Survivor Benefit,0.16249187062120896
2043,75% Survivor Benefit,0.16317200785238647
2044,75% Survivor Benefit,0.16314832160413573
2045,75% Survivor Benefit,0.16098133930323577
2046,75% Survivor Benefit,0.16195313112061707
2047,75% Survivor Benefit,0.16176161094670172
2048,75% Survivor Benefit,0.16158963502796048
2049,75% Survivor Benefit,0.16250011821232135
2050,75% Survivor Benefit,0.16308244322314985
2051,75% Survivor Benefit,0.16220000640759724
2052,75% Survivor Benefit,0.16337073075046443
2053,75% Survivor Benefit,0.162886038233476
2054,75% Survivor Benefit,0.16376031787830134
2055,75% Survivor Benefit,0.16488762309073465
2056,75% Survivor Benefit,0.16489895661810744
2057,75% Survivor Benefit,0.1648304123939997
2058,75% Survivor Benefit,0.16587920019035976
2059,75% Survivor Benefit,0.16772203016601675
2060,75% Survivor Benefit,0.1673138768330909
2061,75% Survivor Benefit,0.16983200253286404
2062,75% Survivor Benefit,0.16986035486521417
2063,75% Survivor Benefit,0.17146078484260413
2064,75% Survivor Benefit,0.17131875736192642
2065,75% Survivor Benefit,0.17053640044344512
2066,75% Survivor Benefit,0.1702146156652166
2067,75% Survivor Benefit,0.17350720666969277
2068,75% Survivor Benefit,0.1726302450451453
2069,75% Survivor Benefit,0.1737294510736855
2070,75% Survivor Benefit,0.1749611636961869
2071,75% Survivor Benefit,0.17552712625466016
2072,75% Survivor Benefit,0.1752651167414418
2073,75% Survivor Benefit,0.1758909271192541
2074,75% Survivor Benefit,0.17587308731897852
2075,75% Survivor Benefit,0.17763294731019075
2076,75% Survivor Benefit,0.1770872560402566
2077,75% Survivor Benefit,0.17808541246921825
2078,75% Survivor Benefit,0.1772295833512588
2079,75% Survivor Benefit,0.17632178115876085
2080,75% Survivor Benefit,0.17807256475957683
2081,75% Survivor Benefit,0.17770990096116918
2082,75% Survivor Benefit,0.17841875837697763
2083,75% Survivor Benefit,0.17759087671810228
2084,75% Survivor Benefit,0.17869178489439044
2085,75% Survivor Benefit,0.1794382540586423
2086,75% Survivor Benefit,0.1799371476214175
2087,75% Survivor Benefit,0.18385107245802393
2088,75% Survivor Benefit,0.18428772284977432
2089,75% Survivor Benefit,0.18473087280339168
2090,75% Survivor Benefit,0.185175775953998
2005,90% Tax Max,0.11088980239288546
2006,90% Tax Max,0.11009089601242979
2007,90% Tax Max,0.1123532664358174
2008,90% Tax Max,0.11533282945655698
2009,90% Tax Max,0.12744613244971578
2010,90% Tax Max,0.13811924563224573
2011,90% Tax Max,0.13686109240963185
2012,90% Tax Max,0.13844612298021564
2013,90% Tax Max,0.13957097916062566
2014,90% Tax Max,0.14085104582818858
2015,90% Tax Max,0.13029758248501164
2016,90% Tax Max,0.1328292304327986
2017,90% Tax Max,0.12931285283326655
2018,90% Tax Max,0.1294679441942889
2019,90% Tax Max,0.12948234249581508
2020,90% Tax Max,0.1317129868479131
2021,90% Tax Max,0.13154133911580398
2022,90% Tax Max,0.13505590114332017
2023,90% Tax Max,0.1343494987398481
2024,90% Tax Max,0.1378146625478031
2025,90% Tax Max,0.14148967954955627
2026,90% Tax Max,0.1412296823425578
2027,90% Tax Max,0.14411972822753547
2028,90% Tax Max,0.1444136046576379
2029,90% Tax Max,0.14622946096920506
2030,90% Tax Max,0.14821384180915106
2031,90% Tax Max,0.14970871871875624
2032,90% Tax Max,0.14969330173255055
2033,90% Tax Max,0.15202257916056303
2034,90% Tax Max,0.154533013133053
2035,90% Tax Max,0.15568845701230483
2036,90% Tax Max,0.15435484468453045
2037,90% Tax Max,0.15466901635953703
2038,90% Tax Max,0.1553376001246936
2039,90% Tax Max,0.15496517475994892
2040,90% Tax Max,0.15532527629199191
2041,90% Tax Max,0.15413581617044164
2042,90% Tax Max,0.1541617251135348
2043,90% Tax Max,0.1552745585402945
2044,90% Tax Max,0.1555505026505112
2045,90% Tax Max,0.15320026129809616
2046,90% Tax Max,0.15338279131195545
2047,90% Tax Max,0.1540150406153073
2048,90% Tax Max,0.15355170207768462
2049,90% Tax Max,0.15456979863625298
2050,90% Tax Max,0.15612520308071542
2051,90% Tax Max,0.15390338577789892
2052,90% Tax Max,0.15589781013792636
2053,90% Tax Max,0.1543236712245068
2054,90% Tax Max,0.1558420132751154
2055,90% Tax Max,0.15680824541750815
2056,90% Tax Max,0.15763743448389697
2057,90% Tax Max,0.15696519749130655
2058,90% Tax Max,0.15841983166110757
2059,90% Tax Max,0.16089861582024254
2060,90% Tax Max,0.15885592229427414
2061,90% Tax Max,0.16230841059623063
2062,90% Tax Max,0.16104045497811628
2063,90% Tax Max,0.16401843529935997
2064,90% Tax Max,0.16365063799463062
2065,90% Tax Max,0.16384700158075166
2066,90% Tax Max,0.16160711214735649
2067,90% Tax Max,0.16670615183409554
2068,90% Tax Max,0.16468182046458518
2069,90% Tax Max,0.16532694069386242
2070,90% Tax Max,0.16683708656119517
2071,90% Tax Max,0.16823695729943822
2072,90% Tax Max,0.1679672623184676
2073,90% Tax Max,0.16771369232271904
2074,90% Tax Max,0.1675944216697816
2075,90% Tax Max,0.16984793992852437
2076,90% Tax Max,0.16874633604251293
2077,90% Tax Max,0.1703659837788088
2078,90% Tax Max,0.16978547374493314
2079,90% Tax Max,0.16848275217029715
2080,90% Tax Max,0.1702588951127649
2081,90% Tax Max,0.1698687906689844
2082,90% Tax Max,0.1703637565829668
2083,90% Tax Max,0.16905654342255166
2084,90% Tax Max,0.17092711465113442
2085,90% Tax Max,0.17243494867595563
2086,90% Tax Max,0.17199916126262177
2087,90% Tax Max,0.1770381688526662
2088,90% Tax Max,0.17745917986004014
2089,90% Tax Max,0.17788644334020282
2090,90% Tax Max,0.17831538147371231
2005,90% Tax Max and 13.4% Payroll Tax,0.11088980239288546
2006,90% Tax Max and 13.4% Payroll Tax,0.11009089601242979
2007,90% Tax Max and 13.4% Payroll Tax,0.1123532664358174
2008,90% Tax Max and 13.4% Payroll Tax,0.11533282945655698
2009,90% Tax Max and 13.4% Payroll Tax,0.12744613244971578
2010,90% Tax Max and 13.4% Payroll Tax,0.13811924563224573
2011,90% Tax Max and 13.4% Payroll Tax,0.13686109240963185
2012,90% Tax Max and 13.4% Payroll Tax,0.13844612298021564
2013,90% Tax Max and 13.4% Payroll Tax,0.13957097916062566
2014,90% Tax Max and 13.4% Payroll Tax,0.14085104582818858
2015,90% Tax Max and 13.4% Payroll Tax,0.13029768900796565
2016,90% Tax Max and 13.4% Payroll Tax,0.1328849835367461
2017,90% Tax Max and 13.4% Payroll Tax,0.12942243134814624
2018,90% Tax Max and 13.4% Payroll Tax,0.12963519674570492
2019,90% Tax Max and 13.4% Payroll Tax,0.12971063141031747
2020,90% Tax Max and 13.4% Payroll Tax,0.13200524624057733
2021,90% Tax Max and 13.4% Payroll Tax,0.1318938259590549
2022,90% Tax Max and 13.4% Payroll Tax,0.13547910169692357
2023,90% Tax Max and 13.4% Payroll Tax,0.13483383860771636
2024,90% Tax Max and 13.4% Payroll Tax,0.13837592076980157
2025,90% Tax Max and 13.4% Payroll Tax,0.14212752978264476
2026,90% Tax Max and 13.4% Payroll Tax,0.14186302381014618
2027,90% Tax Max and 13.4% Payroll Tax,0.14475651513110707
2028,90% Tax Max and 13.4% Payroll Tax,0.14504679579310562
2029,90% Tax Max and 13.4% Payroll Tax,0.14686356842096565
2030,90% Tax Max and 13.4% Payroll Tax,0.1488467828115717
2031,90% Tax Max and 13.4% Payroll Tax,0.15033801187039508
2032,90% Tax Max and 13.4% Payroll Tax,0.15031429396435833
2033,90% Tax Max and 13.4% Payroll Tax,0.15264913138258712
2034,90% Tax Max and 13.4% Payroll Tax,0.15515934990141558
2035,90% Tax Max and 13.4% Payroll Tax,0.15630708414610694
2036,90% Tax Max and 13.4% Payroll Tax,0.15495932032553528
2037,90% Tax Max and 13.4% Payroll Tax,0.15526532333413207
2038,90% Tax Max and 13.4% Payroll Tax,0.15592602199835212
2039,90% Tax Max and 13.4% Payroll Tax,0.1555455322397645
2040,90% Tax Max and 13.4% Payroll Tax,0.15589689727264733
2041,90% Tax Max and 13.4% Payroll Tax,0.15469579959354565
2042,90% Tax Max and 13.4% Payroll Tax,0.15471171668994152
2043,90% Tax Max and 13.4% Payroll Tax,0.15582071198540576
2044,90% Tax Max and 13.4% Payroll Tax,0.15608013953316846
2045,90% Tax Max and 13.4% Payroll Tax,0.15371631442483563
2046,90% Tax Max and 13.4% Payroll Tax,0.153891241674125
2047,90% Tax Max and 13.4% Payroll Tax,0.15451245698772978
2048,90% Tax Max and 13.4% Payroll Tax,0.15404227935182058
2049,90% Tax Max and 13.4% Payroll Tax,0.155055052588084
2050,90% Tax Max and 13.4% Payroll Tax,0.15660124669101858
2051,90% Tax Max and 13.4% Payroll Tax,0.15436522530007157
2052,90% Tax Max and 13.4% Payroll Tax,0.15635569413498043
2053,90% Tax Max and 13.4% Payroll Tax,0.15476798959248037
2054,90% Tax Max and 13.4% Payroll Tax,0.15628365578148168
2055,90% Tax Max and 13.4% Payroll Tax,0.15724271123110145
2056,90% Tax Max and 13.4% Payroll Tax,0.15806374018428118
2057,90% Tax Max and 13.4% Payroll Tax,0.15738094859535645
2058,90% Tax Max and 13.4% Payroll Tax,0.15883210071294582
2059,90% Tax Max and 13.4% Payroll Tax,0.16130639595487253
2060,90% Tax Max and 13.4% Payroll Tax,0.15925238690344493
2061,90% Tax Max and 13.4% Payroll Tax,0.1627050256503968
2062,90% Tax Max and 13.4% Payroll Tax,0.16142816278690053
2063,90% Tax Max and 13.4% Payroll Tax,0.16440541020698657
2064,90% Tax Max and 13.4% Payroll Tax,0.1640291090209388
2065,90% Tax Max and 13.4% Payroll Tax,0.1642158267044927
2066,90% Tax Max and 13.4% Payroll Tax,0.1619680243155067
2067,90% Tax Max and 13.4% Payroll Tax,0.16706835777610518
2068,90% Tax Max and 13.4% Payroll Tax,0.16503639336039627
2069,90% Tax Max and 13.4% Payroll Tax,0.16568007755513237
2070,90% Tax Max and 13.4% Payroll Tax,0.16718946273937116
2071,90% Tax Max and 13.4% Payroll Tax,0.16858647730154058
2072,90% Tax Max and 13.4% Payroll Tax,0.16831195990229822
2073,90% Tax Max and 13.4% Payroll Tax,0.1680528824241995
2074,90% Tax Max and 13.4% Payroll Tax,0.16793324829984363
2075,90% Tax Max and 13.4% Payroll Tax,0.17018554104608452
2076,90% Tax Max and 13.4% Payroll Tax,0.1690793279726925
2077,90% Tax Max and 13.4% Payroll Tax,0.17069869239573537
2078,90% Tax Max and 13.4% Payroll Tax,0.17011278705782212
2079,90% Tax Max and 13.4% Payroll Tax,0.1688079801584503
2080,90% Tax Max and 13.4% Payroll Tax,0.17058494842342467
2081,90% Tax Max and 13.4% Payroll Tax,0.17019332370557647
2082,90% Tax Max and 13.4% Payroll Tax,0.1706857969882715
2083,90% Tax Max and 13.4% Payroll Tax,0.16937642509729353
2084,90% Tax Max and 13.4% Payroll Tax,0.17125018371823558
2085,90% Tax Max and 13.4% Payroll Tax,0.17275926645018808
2086,90% Tax Max and 13.4% Payroll Tax,0.1723212620647798
2087,90% Tax Max and 13.4% Payroll Tax,0.1773738370458978
2088,90% Tax Max and 13.4% Payroll Tax,0.1777956244267863
2089,90% Tax Max and 13.4% Payroll Tax,0.17822367639157433
2090,90% Tax Max and 13.4% Payroll Tax,0.1786534067332343
2005,13.4% Payroll Tax,0.11088980239288546
2006,13.4% Payroll Tax,0.11009089601242979
2007,13.4% Payroll Tax,0.1123532664358174
2008,13.4% Payroll Tax,0.11533282945655698
2009,13.4% Payroll Tax,0.12744613244971578
2010,13.4% Payroll Tax,0.13811924563224573
2011,13.4% Payroll Tax,0.13686109240963185
2012,13.4% Payroll Tax,0.13844612298021564
2013,13.4% Payroll Tax,0.13957097916062566
2014,13.4% Payroll Tax,0.14085104582818858
2015,13.4% Payroll Tax,0.13029768900796565
2016,13.4% Payroll Tax,0.1365245483792652
2017,13.4% Payroll Tax,0.1352672992792281
2018,13.4% Payroll Tax,0.1367286286730424
2019,13.4% Payroll Tax,0.1386092531175269
2020,13.4% Payroll Tax,0.14153355352124233
2021,13.4% Payroll Tax,0.1423426135740028
2022,13.4% Payroll Tax,0.14617086686553973
2023,13.4% Payroll Tax,0.14701354644621528
2024,13.4% Payroll Tax,0.15141482962882127
2025,13.4% Payroll Tax,0.15498261844467237
2026,13.4% Payroll Tax,0.15571025432457147
2027,13.4% Payroll Tax,0.15823531675610597
2028,13.4% Payroll Tax,0.15911315383806934
2029,13.4% Payroll Tax,0.16105162922634503
2030,13.4% Payroll Tax,0.16255130225410278
2031,13.4% Payroll Tax,0.16393085881628275
2032,13.4% Payroll Tax,0.16463040175481847
2033,13.4% Payroll Tax,0.1678016827191172
2034,13.4% Payroll Tax,0.16981624922667682
2035,13.4% Payroll Tax,0.17008110788360462
2036,13.4% Payroll Tax,0.16919810751533565
2037,13.4% Payroll Tax,0.16969750127868166
2038,13.4% Payroll Tax,0.16960732623237396
2039,13.4% Payroll Tax,0.16951650982872238
2040,13.4% Payroll Tax,0.16975424710646142
2041,13.4% Payroll Tax,0.16848031678370382
2042,13.4% Payroll Tax,0.1685440690562262
2043,13.4% Payroll Tax,0.1692054903988434
2044,13.4% Payroll Tax,0.16917701020419387
2045,13.4% Payroll Tax,0.1667010496386385
2046,13.4% Payroll Tax,0.16765222874332564
2047,13.4% Payroll Tax,0.1672586155805389
2048,13.4% Payroll Tax,0.16693822602103187
2049,13.4% Payroll Tax,0.16770584971522723
2050,13.4% Payroll Tax,0.16819756647741557
2051,13.4% Payroll Tax,0.16705956189087962
2052,13.4% Payroll Tax,0.1681709715061269
2053,13.4% Payroll Tax,0.16754994882307764
2054,13.4% Payroll Tax,0.16831125352534268
2055,13.4% Payroll Tax,0.16934846169662257
2056,13.4% Payroll Tax,0.16911023664827485
2057,13.4% Payroll Tax,0.16889038447283486
2058,13.4% Payroll Tax,0.16977887549772538
2059,13.4% Payroll Tax,0.1715879059854397
2060,13.4% Payroll Tax,0.17087368345278187
2061,13.4% Payroll Tax,0.17340749328945404
2062,13.4% Payroll Tax,0.17334767500496714
2063,13.4% Payroll Tax,0.17483447684154532
2064,13.4% Payroll Tax,0.1745876836702119
2065,13.4% Payroll Tax,0.17375625795964972
2066,13.4% Payroll Tax,0.17347779573462666
2067,13.4% Payroll Tax,0.17677741380793335
2068,13.4% Payroll Tax,0.17583122370532034
2069,13.4% Payroll Tax,0.1768871316285634
2070,13.4% Payroll Tax,0.17813077288507892
2071,13.4% Payroll Tax,0.17866502760636818
2072,13.4% Payroll Tax,0.1783012618463692
2073,13.4% Payroll Tax,0.17890259616036472
2074,13.4% Payroll Tax,0.17890323250955442
2075,13.4% Payroll Tax,0.18059087936545898
2076,13.4% Payroll Tax,0.17994791329149978
2077,13.4% Payroll Tax,0.18096682376132892
2078,13.4% Payroll Tax,0.18001229820914233
2079,13.4% Payroll Tax,0.17902022876803525
2080,13.4% Payroll Tax,0.18063774132685465
2081,13.4% Payroll Tax,0.18024769479283811
2082,13.4% Payroll Tax,0.18089411130406297
2083,13.4% Payroll Tax,0.18008230926688615
2084,13.4% Payroll Tax,0.181203332260572
2085,13.4% Payroll Tax,0.18199354427236428
2086,13.4% Payroll Tax,0.18255676856627462
2087,13.4% Payroll Tax,0.18671805741321523
2088,13.4% Payroll Tax,0.1871616259980772
2089,13.4% Payroll Tax,0.18761179424187344
2090,13.4% Payroll Tax,0.1880637402879559
2005,Reduce COLA,0.11088980239288546
2006,Reduce COLA,0.11009089601242979
2007,Reduce COLA,0.1123532664358174
2008,Reduce COLA,0.11533282945655698
2009,Reduce COLA,0.12744613244971578
2010,Reduce COLA,0.13811924563224573
2011,Reduce COLA,0.13686109240963185
2012,Reduce COLA,0.13844612298021564
2013,Reduce COLA,0.13957097916062566
2014,Reduce COLA,0.14085104582818858
2015,Reduce COLA,0.13029758252215484
2016,Reduce COLA,0.13646996208396145
2017,Reduce COLA,0.13477419567389065
2018,Reduce COLA,0.13579872819114228
2019,Reduce COLA,0.13724100501260608
2020,Reduce COLA,0.13972060205139977
2021,Reduce COLA,0.14012380682081646
2022,Reduce COLA,0.1435105040357803
2023,Reduce COLA,0.14396268888689912
2024,Reduce COLA,0.1479081403664059
2025,Reduce COLA,0.15105219483850063
2026,Reduce COLA,0.1514903897780414
2027,Reduce COLA,0.15369302058549036
2028,Reduce COLA,0.15431294175149946
2029,Reduce COLA,0.15596317031160578
2030,Reduce COLA,0.15720043733528608
2031,Reduce COLA,0.15834388928072818
2032,Reduce COLA,0.15883977791606974
2033,Reduce COLA,0.16172115513664279
2034,Reduce COLA,0.16349715712269108
2035,Reduce COLA,0.16360510262097344
2036,Reduce COLA,0.16262730182577761
2037,Reduce COLA,0.16295956481113358
2038,Reduce COLA,0.1627481415374719
2039,Reduce COLA,0.1625415579059571
2040,Reduce COLA,0.16265701710764438
2041,Reduce COLA,0.16133265513921702
2042,Reduce COLA,0.16132594803361947
2043,Reduce COLA,0.1618846757035326
2044,Reduce COLA,0.1618149540744659
2045,Reduce COLA,0.15940423579999663
2046,Reduce COLA,0.16026364405075458
2047,Reduce COLA,0.15985593635335577
2048,Reduce COLA,0.1595407376610026
2049,Reduce COLA,0.16027378795029096
2050,Reduce COLA,0.1607430550776151
2051,Reduce COLA,0.15965173065269
2052,Reduce COLA,0.16070076048294674
2053,Reduce COLA,0.16011316509924647
2054,Reduce COLA,0.16083669569637377
2055,Reduce COLA,0.16186164878262319
2056,Reduce COLA,0.16162637193144164
2057,Reduce COLA,0.16145074350332275
2058,Reduce COLA,0.16230249473319344
2059,Reduce COLA,0.16403677814148793
2060,Reduce COLA,0.16334937782740563
2061,Reduce COLA,0.16577645434359456
2062,Reduce COLA,0.16571232198572045
2063,Reduce COLA,0.1671193069004884
2064,Reduce COLA,0.1668898365944693
2065,Reduce COLA,0.16608325510674615
2066,Reduce COLA,0.16580198543325397
2067,Reduce COLA,0.1689291341960758
2068,Reduce COLA,0.16800875480832633
2069,Reduce COLA,0.16901239004746874
2070,Reduce COLA,0.17019655529821093
2071,Reduce COLA,0.170705106948424
2072,Reduce COLA,0.17035087486650974
2073,Reduce COLA,0.17092196359935624
2074,Reduce COLA,0.17088973034379784
2075,Reduce COLA,0.1724825638308938
2076,Reduce COLA,0.17186403886603108
2077,Reduce COLA,0.17282413710095104
2078,Reduce COLA,0.17188017999136246
2079,Reduce COLA,0.17091015799869985
2080,Reduce COLA,0.17242521092743915
2081,Reduce COLA,0.17203213136045434
2082,Reduce COLA,0.17264935089940867
2083,Reduce COLA,0.1718715281160857
2084,Reduce COLA,0.17293232207446246
2085,Reduce COLA,0.17369123544083137
2086,Reduce COLA,0.1742636337709894
2087,Reduce COLA,0.17833741193042954
2088,Reduce COLA,0.17876068935639838
2089,Reduce COLA,0.17919027462260612
2090,Reduce COLA,0.17962156747617847
2005,Chained-CPI COLA,0.11088980239288546
2006,Chained-CPI COLA,0.11009089601242979
2007,Chained-CPI COLA,0.1123532664358174
2008,Chained-CPI COLA,0.11533282945655698
2009,Chained-CPI COLA,0.12744613244971578
2010,Chained-CPI COLA,0.13811924563224573
2011,Chained-CPI COLA,0.13686109240963185
2012,Chained-CPI COLA,0.13844612298021564
2013,Chained-CPI COLA,0.13957097916062566
2014,Chained-CPI COLA,0.14085104582818858
2015,Chained-CPI COLA,0.13029758252215484
2016,Chained-CPI COLA,0.13646995650870045
2017,Chained-CPI COLA,0.13481767211129383
2018,Chained-CPI COLA,0.13587092873870943
2019,Chained-CPI COLA,0.13734595247052103
2020,Chained-CPI COLA,0.13986200158789003
2021,Chained-CPI COLA,0.14031872525433814
2022,Chained-CPI COLA,0.1437502114330355
2023,Chained-CPI COLA,0.1442486535689404
2024,Chained-CPI COLA,0.1482499347110958
2025,Chained-CPI COLA,0.15144364405967523
2026,Chained-CPI COLA,0.15192347524695224
2027,Chained-CPI COLA,0.1541706960986913
2028,Chained-CPI COLA,0.15482594886985357
2029,Chained-CPI COLA,0.15651569164981738
2030,Chained-CPI COLA,0.15779078153044698
2031,Chained-CPI COLA,0.1589665071041459
2032,Chained-CPI COLA,0.15949303256906752
2033,Chained-CPI COLA,0.16240804814629128
2034,Chained-CPI COLA,0.16421452947386778
2035,Chained-CPI COLA,0.1643455680161777
2036,Chained-CPI COLA,0.1633891717777382
2037,Chained-CPI COLA,0.16374343815619513
2038,Chained-CPI COLA,0.1635527701055916
2039,Chained-CPI COLA,0.16337143523065167
2040,Chained-CPI COLA,0.1635053008073845
2041,Chained-CPI COLA,0.1621936111240919
2042,Chained-CPI COLA,0.16220579195502108
2043,Chained-CPI COLA,0.16278941266926172
2044,Chained-CPI COLA,0.16273534665452621
2045,Chained-CPI COLA,0.1603330322278942
2046,Chained-CPI COLA,0.1612168848491801
2047,Chained-CPI COLA,0.16082337415133535
2048,Chained-CPI COLA,0.16052366952129066
2049,Chained-CPI COLA,0.16127294571073522
2050,Chained-CPI COLA,0.16176142038392927
2051,Chained-CPI COLA,0.16067729058946548
2052,Chained-CPI COLA,0.161744010439338
2053,Chained-CPI COLA,0.16116114877331333
2054,Chained-CPI COLA,0.16189745595835162
2055,Chained-CPI COLA,0.16293257146317588
2056,Chained-CPI COLA,0.16270364518703898
2057,Chained-CPI COLA,0.16252931623735062
2058,Chained-CPI COLA,0.16339014680380817
2059,Chained-CPI COLA,0.16513511906873862
2060,Chained-CPI COLA,0.1644484636299666
2061,Chained-CPI COLA,0.16690107078109181
2062,Chained-CPI COLA,0.1668386635998713
2063,Chained-CPI COLA,0.16825871766344586
2064,Chained-CPI COLA,0.16802743707565118
2065,Chained-CPI COLA,0.16722169967479697
2066,Chained-CPI COLA,0.1669419777124297
2067,Chained-CPI COLA,0.17009379747031092
2068,Chained-CPI COLA,0.16917279209470584
2069,Chained-CPI COLA,0.17018559729868377
2070,Chained-CPI COLA,0.17137005601238328
2071,Chained-CPI COLA,0.17188701201948675
2072,Chained-CPI COLA,0.1715337971462137
2073,Chained-CPI COLA,0.17210946967591034
2074,Chained-CPI COLA,0.17208351585021187
2075,Chained-CPI COLA,0.1736945923244632
2076,Chained-CPI COLA,0.17307743880448168
2077,Chained-CPI COLA,0.17404736510330343
2078,Chained-CPI COLA,0.173107768094617
2079,Chained-CPI COLA,0.17213969435854168
2080,Chained-CPI COLA,0.1736717633545837
2081,Chained-CPI COLA,0.17327522636781356
2082,Chained-CPI COLA,0.1739031727351637
2083,Chained-CPI COLA,0.17312593973520798
2084,Chained-CPI COLA,0.1741997171272065
2085,Chained-CPI COLA,0.17496047419922686
2086,Chained-CPI COLA,0.1755347698786666
2087,Chained-CPI COLA,0.17961801213697223
2088,Chained-CPI COLA,0.1800443955622716
2089,Chained-CPI COLA,0.18047713135641247
2090,Chained-CPI COLA,0.18091158533118795
2005,Increase FRA,0.11088980239288546
2006,Increase FRA,0.11009089601242979
2007,Increase FRA,0.1123532664358174
2008,Increase FRA,0.11533282945655698
2009,Increase FRA,0.12744613244971578
2010,Increase FRA,0.13811924563224573
2011,Increase FRA,0.13686109240963185
2012,Increase FRA,0.13844612298021564
2013,Increase FRA,0.13957097916062566
2014,Increase FRA,0.14085104582818858
2015,Increase FRA,0.13029758252215484
2016,Increase FRA,0.13646996208396145
2017,Increase FRA,0.1351618491164841
2018,Increase FRA,0.13656906491229312
2019,Increase FRA,0.1383936395241355
2020,Increase FRA,0.14125822875880611
2021,Increase FRA,0.14201265458759732
2022,Increase FRA,0.14577463252412076
2023,Increase FRA,0.14655958204266456
2024,Increase FRA,0.15088364848234212
2025,Increase FRA,0.15437272326455714
2026,Increase FRA,0.1550846084645477
2027,Increase FRA,0.1575747891659819
2028,Increase FRA,0.15842259100680844
2029,Increase FRA,0.16014511873587658
2030,Increase FRA,0.16155675268985117
2031,Increase FRA,0.1627064007837656
2032,Increase FRA,0.16334227976937263
2033,Increase FRA,0.16621905981013482
2034,Increase FRA,0.1680903454450634
2035,Increase FRA,0.1680711227219616
2036,Increase FRA,0.16715210465481212
2037,Increase FRA,0.16736428736953052
2038,Increase FRA,0.1671312292649312
2039,Increase FRA,0.16687844311679864
2040,Increase FRA,0.16709181826532016
2041,Increase FRA,0.1653894554661853
2042,Increase FRA,0.16531996785316383
2043,Increase FRA,0.165778673123827
2044,Increase FRA,0.1656872176826283
2045,Increase FRA,0.16277112548554928
2046,Increase FRA,0.1632458199149924
2047,Increase FRA,0.16249853265383155
2048,Increase FRA,0.16218344821850886
2049,Increase FRA,0.16247768030233756
2050,Increase FRA,0.16271094016477075
2051,Increase FRA,0.1613043034930682
2052,Increase FRA,0.16200106200704142
2053,Increase FRA,0.1613340843654329
2054,Increase FRA,0.16157262119241708
2055,Increase FRA,0.16227731030399464
2056,Increase FRA,0.161604541349646
2057,Increase FRA,0.16104840704926443
2058,Increase FRA,0.16169395121766503
2059,Increase FRA,0.16318615360293542
2060,Increase FRA,0.1621400092631048
2061,Increase FRA,0.16458646047256328
2062,Increase FRA,0.16402872869642238
2063,Increase FRA,0.1652265753147115
2064,Increase FRA,0.1645100167605523
2065,Increase FRA,0.16356176014150825
2066,Increase FRA,0.16292503085663976
2067,Increase FRA,0.16600106190743952
2068,Increase FRA,0.16461718976652667
2069,Increase FRA,0.1654247716464469
2070,Increase FRA,0.16617398478119416
2071,Increase FRA,0.16640058652961506
2072,Increase FRA,0.16585707925452528
2073,Increase FRA,0.1662512334775875
2074,Increase FRA,0.1657752784047452
2075,Increase FRA,0.1670468162737404
2076,Increase FRA,0.16609117443837154
2077,Increase FRA,0.16674876183961498
2078,Increase FRA,0.16574795485764188
2079,Increase FRA,0.1648848413990676
2080,Increase FRA,0.16603452800100343
2081,Increase FRA,0.16525907657751635
2082,Increase FRA,0.16567862300777947
2083,Increase FRA,0.1644466595761027
2084,Increase FRA,0.16519557743712132
2085,Increase FRA,0.1654734534131742
2086,Increase FRA,0.16545351009305084
2087,Increase FRA,0.16859948431984506
2088,Increase FRA,0.1689991431359746
2089,Increase FRA,0.16940477118837613
2090,Increase FRA,0.1698120262749022
2005,Increase FRA and EEA,0.11088980239288546
2006,Increase FRA and EEA,0.11009089601242979
2007,Increase FRA and EEA,0.1123532664358174
2008,Increase FRA and EEA,0.11533282945655698
2009,Increase FRA and EEA,0.12744613244971578
2010,Increase FRA and EEA,0.13811924563224573
2011,Increase FRA and EEA,0.13686109240963185
2012,Increase FRA and EEA,0.13844612298021564
2013,Increase FRA and EEA,0.13957097916062566
2014,Increase FRA and EEA,0.14085104582818858
2015,Increase FRA and EEA,0.13029758252215484
2016,Increase FRA and EEA,0.13646996208396145
2017,Increase FRA and EEA,0.1351618491164841
2018,Increase FRA and EEA,0.13656906491229312
2019,Increase FRA and EEA,0.1383936395241355
2020,Increase FRA and EEA,0.14125554042524582
2021,Increase FRA and EEA,0.1420128971960807
2022,Increase FRA and EEA,0.1457801575673994
2023,Increase FRA and EEA,0.14657785251207017
2024,Increase FRA and EEA,0.1508834998576842
2025,Increase FRA and EEA,0.1543652155099737
2026,Increase FRA and EEA,0.15498563698461143
2027,Increase FRA and EEA,0.1574899755493891
2028,Increase FRA and EEA,0.1582717329434092
2029,Increase FRA and EEA,0.1599762282622834
2030,Increase FRA and EEA,0.16135223635383786
2031,Increase FRA and EEA,0.16248661202484885
2032,Increase FRA and EEA,0.16311067909307103
2033,Increase FRA and EEA,0.1658858956459297
2034,Increase FRA and EEA,0.16781817771926383
2035,Increase FRA and EEA,0.16777195918847332
2036,Increase FRA and EEA,0.16685856786492193
2037,Increase FRA and EEA,0.16710510225584635
2038,Increase FRA and EEA,0.16687496477736555
2039,Increase FRA and EEA,0.1665816103139047
2040,Increase FRA and EEA,0.166721634807582
2041,Increase FRA and EEA,0.16509286880401766
2042,Increase FRA and EEA,0.16500535272947323
2043,Increase FRA and EEA,0.1653651180081246
2044,Increase FRA and EEA,0.16519292937393876
2045,Increase FRA and EEA,0.1623726403680553
2046,Increase FRA and EEA,0.16292098964283752
2047,Increase FRA and EEA,0.16215293454071458
2048,Increase FRA and EEA,0.16184625449466036
2049,Increase FRA and EEA,0.16205137753849255
2050,Increase FRA and EEA,0.16233900732133533
2051,Increase FRA and EEA,0.16080753576965195
2052,Increase FRA and EEA,0.1616220877503968
2053,Increase FRA and EEA,0.16094126766856792
2054,Increase FRA and EEA,0.16114681919756063
2055,Increase FRA and EEA,0.1618339566966262
2056,Increase FRA and EEA,0.16131088341083324
2057,Increase FRA and EEA,0.16057539969361848
2058,Increase FRA and EEA,0.1613419797035061
2059,Increase FRA and EEA,0.1628844768713316
2060,Increase FRA and EEA,0.16182656097555553
2061,Increase FRA and EEA,0.16425272877936148
2062,Increase FRA and EEA,0.16385834260872817
2063,Increase FRA and EEA,0.16501396332344515
2064,Increase FRA and EEA,0.16414477168964528
2065,Increase FRA and EEA,0.16337782929525518
2066,Increase FRA and EEA,0.16271178572527545
2067,Increase FRA and EEA,0.16590381597086026
2068,Increase FRA and EEA,0.16440336062737468
2069,Increase FRA and EEA,0.16499306098906202
2070,Increase FRA and EEA,0.16572441670423518
2071,Increase FRA and EEA,0.16593229326905695
2072,Increase FRA and EEA,0.1653693616611241
2073,Increase FRA and EEA,0.16606127825374817
2074,Increase FRA and EEA,0.16595719491157243
2075,Increase FRA and EEA,0.16743289980458015
2076,Increase FRA and EEA,0.1664556345196649
2077,Increase FRA and EEA,0.16713924228603913
2078,Increase FRA and EEA,0.16598404685078977
2079,Increase FRA and EEA,0.16521651628300132
2080,Increase FRA and EEA,0.1663112396134301
2081,Increase FRA and EEA,0.16568837386554722
2082,Increase FRA and EEA,0.16585185330798746
2083,Increase FRA and EEA,0.16472793827916818
2084,Increase FRA and EEA,0.16533745893271462
2085,Increase FRA and EEA,0.16575240958466855
2086,Increase FRA and EEA,0.16565786028817864
2087,Increase FRA and EEA,0.16739952014977777
2088,Increase FRA and EEA,0.16779626854320887
2089,Increase FRA and EEA,0.16819894444815853
2090,Increase FRA and EEA,0.16860323746099318
2005,"$150,000 Tax Max",0.11088980239288546
2006,"$150,000 Tax Max",0.11009089601242979
2007,"$150,000 Tax Max",0.1123532664358174
2008,"$150,000 Tax Max",0.11533282945655698
2009,"$150,000 Tax Max",0.12744613244971578
2010,"$150,000 Tax Max",0.13811924563224573
2011,"$150,000 Tax Max",0.13686109240963185
2012,"$150,000 Tax Max",0.13844612298021564
2013,"$150,000 Tax Max",0.13957097916062566
2014,"$150,000 Tax Max",0.14085104582818858
2015,"$150,000 Tax Max",0.13029758252215484
2016,"$150,000 Tax Max",0.13541029992572792
2017,"$150,000 Tax Max",0.13336582925232482
2018,"$150,000 Tax Max",0.13426882629813447
2019,"$150,000 Tax Max",0.1361281916537802
2020,"$150,000 Tax Max",0.139002418013748
2021,"$150,000 Tax Max",0.13970833283371623
2022,"$150,000 Tax Max",0.14336802509584
2023,"$150,000 Tax Max",0.14406500049899612
2024,"$150,000 Tax Max",0.14831759572687578
2025,"$150,000 Tax Max",0.15168549442428894
2026,"$150,000 Tax Max",0.15229214196794538
2027,"$150,000 Tax Max",0.15461398176665828
2028,"$150,000 Tax Max",0.15534096643299056
2029,"$150,000 Tax Max",0.1570988630840406
2030,"$150,000 Tax Max",0.15851887788704883
2031,"$150,000 Tax Max",0.15978331616760585
2032,"$150,000 Tax Max",0.1603572325557761
2033,"$150,000 Tax Max",0.16338167227367886
2034,"$150,000 Tax Max",0.16533621142814056
2035,"$150,000 Tax Max",0.16554638111651596
2036,"$150,000 Tax Max",0.1645009957998879
2037,"$150,000 Tax Max",0.1649618412630181
2038,"$150,000 Tax Max",0.16476830951579977
2039,"$150,000 Tax Max",0.16460791680471396
2040,"$150,000 Tax Max",0.16484898504028161
2041,"$150,000 Tax Max",0.16353005317319827
2042,"$150,000 Tax Max",0.16345107049425306
2043,"$150,000 Tax Max",0.1642020830533495
2044,"$150,000 Tax Max",0.1641532019375138
2045,"$150,000 Tax Max",0.16160373615693835
2046,"$150,000 Tax Max",0.16249797066492472
2047,"$150,000 Tax Max",0.16215428150581915
2048,"$150,000 Tax Max",0.1617281691377724
2049,"$150,000 Tax Max",0.16245043533109313
2050,"$150,000 Tax Max",0.16292040603875033
2051,"$150,000 Tax Max",0.16168713814151262
2052,"$150,000 Tax Max",0.1628139894639199
2053,"$150,000 Tax Max",0.16208292071684038
2054,"$150,000 Tax Max",0.16303180928135208
2055,"$150,000 Tax Max",0.16388222872448477
2056,"$150,000 Tax Max",0.16368252168315672
2057,"$150,000 Tax Max",0.16339781801751735
2058,"$150,000 Tax Max",0.16427696502121267
2059,"$150,000 Tax Max",0.1660001582621429
2060,"$150,000 Tax Max",0.16516164923485865
2061,"$150,000 Tax Max",0.16772002455120744
2062,"$150,000 Tax Max",0.16748483120046131
2063,"$150,000 Tax Max",0.16890345431394718
2064,"$150,000 Tax Max",0.1686406046955709
2065,"$150,000 Tax Max",0.16780008379118042
2066,"$150,000 Tax Max",0.1672438531484523
2067,"$150,000 Tax Max",0.17060552309893473
2068,"$150,000 Tax Max",0.16958703435130865
2069,"$150,000 Tax Max",0.17051986005026043
2070,"$150,000 Tax Max",0.17181317205595983
2071,"$150,000 Tax Max",0.17235548584725838
2072,"$150,000 Tax Max",0.17197564522636932
2073,"$150,000 Tax Max",0.17246031551250757
2074,"$150,000 Tax Max",0.17234073146388065
2075,"$150,000 Tax Max",0.1740719440488197
2076,"$150,000 Tax Max",0.17327254583011228
2077,"$150,000 Tax Max",0.17429527239852288
2078,"$150,000 Tax Max",0.17315327071057998
2079,"$150,000 Tax Max",0.17218046858077152
2080,"$150,000 Tax Max",0.17392495016919834
2081,"$150,000 Tax Max",0.17331915074565268
2082,"$150,000 Tax Max",0.17403875186484846
2083,"$150,000 Tax Max",0.1731723623331959
2084,"$150,000 Tax Max",0.17439155435565756
2085,"$150,000 Tax Max",0.17511164021303838
2086,"$150,000 Tax Max",0.1754979716380698
2087,"$150,000 Tax Max",0.17960266447339832
2088,"$150,000 Tax Max",0.18002951321292956
2089,"$150,000 Tax Max",0.18046270800383488
2090,"$150,000 Tax Max",0.18089760824701845
2005,"$180,000 Tax Max",0.11088980239288546
2006,"$180,000 Tax Max",0.11009089601242979
2007,"$180,000 Tax Max",0.1123532664358174
2008,"$180,000 Tax Max",0.11533282945655698
2009,"$180,000 Tax Max",0.12744613244971578
2010,"$180,000 Tax Max",0.13811924563224573
2011,"$180,000 Tax Max",0.13686109240963185
2012,"$180,000 Tax Max",0.13844612298021564
2013,"$180,000 Tax Max",0.13957097916062566
2014,"$180,000 Tax Max",0.14085104582818858
2015,"$180,000 Tax Max",0.13029758252215484
2016,"$180,000 Tax Max",0.1345378178973957
2017,"$180,000 Tax Max",0.13191009327934952
2018,"$180,000 Tax Max",0.13241638922245916
2019,"$180,000 Tax Max",0.1335269219288199
2020,"$180,000 Tax Max",0.13640613661121287
2021,"$180,000 Tax Max",0.13713067027794845
2022,"$180,000 Tax Max",0.14081754146522554
2023,"$180,000 Tax Max",0.14150228377526625
2024,"$180,000 Tax Max",0.1457213114355283
2025,"$180,000 Tax Max",0.1490486990954213
2026,"$180,000 Tax Max",0.1496554403045186
2027,"$180,000 Tax Max",0.15198885744698823
2028,"$180,000 Tax Max",0.15267358424416802
2029,"$180,000 Tax Max",0.15441956279328906
2030,"$180,000 Tax Max",0.1559304785108991
2031,"$180,000 Tax Max",0.15714390102121964
2032,"$180,000 Tax Max",0.15772336254756825
2033,"$180,000 Tax Max",0.16080240803348908
2034,"$180,000 Tax Max",0.16272234578582892
2035,"$180,000 Tax Max",0.16305754432973268
2036,"$180,000 Tax Max",0.16195350402714034
2037,"$180,000 Tax Max",0.1625009238377042
2038,"$180,000 Tax Max",0.1623538898443284
2039,"$180,000 Tax Max",0.16224757383148306
2040,"$180,000 Tax Max",0.162561206166984
2041,"$180,000 Tax Max",0.1613037756363695
2042,"$180,000 Tax Max",0.1612307070003368
2043,"$180,000 Tax Max",0.16214336892266853
2044,"$180,000 Tax Max",0.16210759960972249
2045,"$180,000 Tax Max",0.15962451367827046
2046,"$180,000 Tax Max",0.16051649298558415
2047,"$180,000 Tax Max",0.1602434667431955
2048,"$180,000 Tax Max",0.15990761220523425
2049,"$180,000 Tax Max",0.16067346435727606
2050,"$180,000 Tax Max",0.16123108812244324
2051,"$180,000 Tax Max",0.15998772181480753
2052,"$180,000 Tax Max",0.1611498239266795
2053,"$180,000 Tax Max",0.16045161302557856
2054,"$180,000 Tax Max",0.16154783790407662
2055,"$180,000 Tax Max",0.16237464435557375
2056,"$180,000 Tax Max",0.1622330944186753
2057,"$180,000 Tax Max",0.16201023636753217
2058,"$180,000 Tax Max",0.16293697996423823
2059,"$180,000 Tax Max",0.1646874331123136
2060,"$180,000 Tax Max",0.16383578999331652
2061,"$180,000 Tax Max",0.16642756999769107
2062,"$180,000 Tax Max",0.16621231316632018
2063,"$180,000 Tax Max",0.1676704928432995
2064,"$180,000 Tax Max",0.16741198932225104
2065,"$180,000 Tax Max",0.16658446002021857
2066,"$180,000 Tax Max",0.16599545726812404
2067,"$180,000 Tax Max",0.16944560643305165
2068,"$180,000 Tax Max",0.16840307760290038
2069,"$180,000 Tax Max",0.16930557461829895
2070,"$180,000 Tax Max",0.1706823592649391
2071,"$180,000 Tax Max",0.17133183903318538
2072,"$180,000 Tax Max",0.17093493013554573
2073,"$180,000 Tax Max",0.17135117791519267
2074,"$180,000 Tax Max",0.17128325740752506
2075,"$180,000 Tax Max",0.17305414373651992
2076,"$180,000 Tax Max",0.17226450915195116
2077,"$180,000 Tax Max",0.17327795661422948
2078,"$180,000 Tax Max",0.1720930015003243
2079,"$180,000 Tax Max",0.17116431851885797
2080,"$180,000 Tax Max",0.17294507702272002
2081,"$180,000 Tax Max",0.17232831138885962
2082,"$180,000 Tax Max",0.17303991223639814
2083,"$180,000 Tax Max",0.17221248900544486
2084,"$180,000 Tax Max",0.17345917385961745
2085,"$180,000 Tax Max",0.17418472251745093
2086,"$180,000 Tax Max",0.17451272538698706
2087,"$180,000 Tax Max",0.17871078797362142
2088,"$180,000 Tax Max",0.179135578126856
2089,"$180,000 Tax Max",0.17956668211075832
2090,"$180,000 Tax Max",0.17999948154664208
2005,Eliminate the Tax Max,0.11088980239288546
2006,Eliminate the Tax Max,0.11009089601242979
2007,Eliminate the Tax Max,0.1123532664358174
2008,Eliminate the Tax Max,0.11533282945655698
2009,Eliminate the Tax Max,0.12744613244971578
2010,Eliminate the Tax Max,0.13811924563224573
2011,Eliminate the Tax Max,0.13686109240963185
2012,Eliminate the Tax Max,0.13844612298021564
2013,Eliminate the Tax Max,0.13957097916062566
2014,Eliminate the Tax Max,0.14085104582818858
2015,Eliminate the Tax Max,0.13029758252215484
2016,Eliminate the Tax Max,0.11704269887643116
2017,Eliminate the Tax Max,0.11648333463942445
2018,Eliminate the Tax Max,0.11831527737978294
2019,Eliminate the Tax Max,0.11898823887004346
2020,Eliminate the Tax Max,0.12230176753535563
2021,Eliminate the Tax Max,0.12241068939756619
2022,Eliminate the Tax Max,0.12669805238866635
2023,Eliminate the Tax Max,0.12616494201963477
2024,Eliminate the Tax Max,0.12962353882998798
2025,Eliminate the Tax Max,0.13362955467375814
2026,Eliminate the Tax Max,0.13320912121975387
2027,Eliminate the Tax Max,0.13663615974128357
2028,Eliminate the Tax Max,0.13628052616879735
2029,Eliminate the Tax Max,0.13845446393506064
2030,Eliminate the Tax Max,0.14054388038946322
2031,Eliminate the Tax Max,0.14252971447376342
2032,Eliminate the Tax Max,0.1422447288946056
2033,Eliminate the Tax Max,0.1439789192685641
2034,Eliminate the Tax Max,0.14642577947163402
2035,Eliminate the Tax Max,0.14798562390693729
2036,Eliminate the Tax Max,0.14695733159987337
2037,Eliminate the Tax Max,0.1476710408775165
2038,Eliminate the Tax Max,0.14834696581045267
2039,Eliminate the Tax Max,0.14779034476810565
2040,Eliminate the Tax Max,0.1486659062591133
2041,Eliminate the Tax Max,0.14730534414239455
2042,Eliminate the Tax Max,0.14763099131076524
2043,Eliminate the Tax Max,0.14865114569989732
2044,Eliminate the Tax Max,0.14978626206147344
2045,Eliminate the Tax Max,0.147258547781393
2046,Eliminate the Tax Max,0.1473784555731224
2047,Eliminate the Tax Max,0.1485182439385322
2048,Eliminate the Tax Max,0.14797848781356246
2049,Eliminate the Tax Max,0.14891724546217758
2050,Eliminate the Tax Max,0.151103804204687
2051,Eliminate the Tax Max,0.14879264135454418
2052,Eliminate the Tax Max,0.1512904868376154
2053,Eliminate the Tax Max,0.14980254088929315
2054,Eliminate the Tax Max,0.1511916970092897
2055,Eliminate the Tax Max,0.1520925126466469
2056,Eliminate the Tax Max,0.1535315511042844
2057,Eliminate the Tax Max,0.15278223636684948
2058,Eliminate the Tax Max,0.15438345145678128
2059,Eliminate the Tax Max,0.1569701699803505
2060,Eliminate the Tax Max,0.15480217164618826
2061,Eliminate the Tax Max,0.15829806434299215
2062,Eliminate the Tax Max,0.1570309466026187
2063,Eliminate the Tax Max,0.15995380078824165
2064,Eliminate the Tax Max,0.15988287467396178
2065,Eliminate the Tax Max,0.16043850734552206
2066,Eliminate the Tax Max,0.15736668692036584
2067,Eliminate the Tax Max,0.1632199587502013
2068,Eliminate the Tax Max,0.16068450815595642
2069,Eliminate the Tax Max,0.16093689062886063
2070,Eliminate the Tax Max,0.16230943267899078
2071,Eliminate the Tax Max,0.16403897222205754
2072,Eliminate the Tax Max,0.1637079196832438
2073,Eliminate the Tax Max,0.16383945769950303
2074,Eliminate the Tax Max,0.16329368095608465
2075,Eliminate the Tax Max,0.1657590822913267
2076,Eliminate the Tax Max,0.16450318369888975
2077,Eliminate the Tax Max,0.16598059325919945
2078,Eliminate the Tax Max,0.16571987574083286
2079,Eliminate the Tax Max,0.16416734189308013
2080,Eliminate the Tax Max,0.16596482725697698
2081,Eliminate the Tax Max,0.1655154157716194
2082,Eliminate the Tax Max,0.16625869068436133
2083,Eliminate the Tax Max,0.16462415458873347
2084,Eliminate the Tax Max,0.16665662215838836
2085,Eliminate the Tax Max,0.16837678982420995
2086,Eliminate the Tax Max,0.16779059818184386
2087,Eliminate the Tax Max,0.17278053402098073
2088,Eliminate the Tax Max,0.17319166924689175
2089,Eliminate the Tax Max,0.17360890370866153
2090,Eliminate the Tax Max,0.17402776630043382
2005,14.4% Payroll Tax,0.11088980239288546
2006,14.4% Payroll Tax,0.11009089601242979
2007,14.4% Payroll Tax,0.1123532664358174
2008,14.4% Payroll Tax,0.11533282945655698
2009,14.4% Payroll Tax,0.12744613244971578
2010,14.4% Payroll Tax,0.13811924563224573
2011,14.4% Payroll Tax,0.13686109240963185
2012,14.4% Payroll Tax,0.13844612298021564
2013,14.4% Payroll Tax,0.13957097916062566
2014,14.4% Payroll Tax,0.14085104582818858
2015,14.4% Payroll Tax,0.13029779181169449
2016,14.4% Payroll Tax,0.13657758323666966
2017,14.4% Payroll Tax,0.13537135956149632
2018,14.4% Payroll Tax,0.13688688368627222
2019,14.4% Payroll Tax,0.1388238446897363
2020,14.4% Payroll Tax,0.14180779461369872
2021,14.4% Payroll Tax,0.14267160616490743
2022,14.4% Payroll Tax,0.14656627552260001
2023,14.4% Payroll Tax,0.1474666368244511
2024,14.4% Payroll Tax,0.15194170259906362
2025,14.4% Payroll Tax,0.15557798103217094
2026,14.4% Payroll Tax,0.1563036523920835
2027,14.4% Payroll Tax,0.15883183580778323
2028,14.4% Payroll Tax,0.15970065115963689
2029,14.4% Payroll Tax,0.16163595498411787
2030,14.4% Payroll Tax,0.16313291035763366
2031,14.4% Payroll Tax,0.16450959878933064
2032,14.4% Payroll Tax,0.16520149433221046
2033,14.4% Payroll Tax,0.16838425605023138
2034,14.4% Payroll Tax,0.17039761661896874
2035,14.4% Payroll Tax,0.17065428874104352
2036,14.4% Payroll Tax,0.1697560417842453
2037,14.4% Payroll Tax,0.1702506285641604
2038,14.4% Payroll Tax,0.17014890757173876
2039,14.4% Payroll Tax,0.1700486943872637
2040,14.4% Payroll Tax,0.1702811827557691
2041,14.4% Payroll Tax,0.16899287849476555
2042,14.4% Payroll Tax,0.16904576891091164
2043,14.4% Payroll Tax,0.1697060704962634
2044,14.4% Payroll Tax,0.16966990339915397
2045,14.4% Payroll Tax,0.16717526751490658
2046,14.4% Payroll Tax,0.16811985486083386
2047,14.4% Payroll Tax,0.16772111085166946
2048,14.4% Payroll Tax,0.16738895334133563
2049,14.4% Payroll Tax,0.16814449924117533
2050,14.4% Payroll Tax,0.16863002792572404
2051,14.4% Payroll Tax,0.16747655081371118
2052,14.4% Payroll Tax,0.16858763363311882
2053,14.4% Payroll Tax,0.16795184955165576
2054,14.4% Payroll Tax,0.1687145077042595
2055,14.4% Payroll Tax,0.16974212485589732
2056,14.4% Payroll Tax,0.16949596733619673
2057,14.4% Payroll Tax,0.16926912974221095
2058,14.4% Payroll Tax,0.17015308600038015
2059,14.4% Payroll Tax,0.17195703909264495
2060,14.4% Payroll Tax,0.17123145645417354
2061,14.4% Payroll Tax,0.17376484221684874
2062,14.4% Payroll Tax,0.17369564716663732
2063,14.4% Payroll Tax,0.1751798158499837
2064,14.4% Payroll Tax,0.17492539040707208
2065,14.4% Payroll Tax,0.17408654524297865
2066,14.4% Payroll Tax,0.17379756151968184
2067,14.4% Payroll Tax,0.17710243211928547
2068,14.4% Payroll Tax,0.17614990253799304
2069,14.4% Payroll Tax,0.1772011321340016
2070,14.4% Payroll Tax,0.17844442175197933
2071,14.4% Payroll Tax,0.17897524094944378
2072,14.4% Payroll Tax,0.17860874836078927
2073,14.4% Payroll Tax,0.17920469797243893
2074,14.4% Payroll Tax,0.17920154307676897
2075,14.4% Payroll Tax,0.180891395367146
2076,14.4% Payroll Tax,0.18024116305839688
2077,14.4% Payroll Tax,0.1812607188660455
2078,14.4% Payroll Tax,0.18029987627236965
2079,14.4% Payroll Tax,0.17930502403671827
2080,14.4% Payroll Tax,0.18092719132131252
2081,14.4% Payroll Tax,0.18053380497814858
2082,14.4% Payroll Tax,0.1811807753539075
2083,14.4% Payroll Tax,0.18036435473596266
2084,14.4% Payroll Tax,0.18149017617203658
2085,14.4% Payroll Tax,0.18228266954639286
2086,14.4% Payroll Tax,0.18284122280102824
2087,14.4% Payroll Tax,0.18701246069241928
2088,14.4% Payroll Tax,0.18745670785024984
2089,14.4% Payroll Tax,0.187907565310102
2090,14.4% Payroll Tax,0.1883602038973103
2005,15.4% Payroll Tax,0.11088980239288546
2006,15.4% Payroll Tax,0.11009089601242979
2007,15.4% Payroll Tax,0.1123532664358174
2008,15.4% Payroll Tax,0.11533282945655698
2009,15.4% Payroll Tax,0.12744613244971578
2010,15.4% Payroll Tax,0.13811924563224573
2011,15.4% Payroll Tax,0.13686109240963185
2012,15.4% Payroll Tax,0.13844612298021564
2013,15.4% Payroll Tax,0.13957097916062566
2014,15.4% Payroll Tax,0.14085104582818858
2015,15.4% Payroll Tax,0.13029789432085676
2016,15.4% Payroll Tax,0.1366306349319726
2017,15.4% Payroll Tax,0.13547543831571496
2018,15.4% Payroll Tax,0.13704503702818427
2019,15.4% Payroll Tax,0.13903812483305053
2020,15.4% Payroll Tax,0.14208138376174725
2021,15.4% Payroll Tax,0.14300029732039402
2022,15.4% Payroll Tax,0.1469611376172557
2023,15.4% Payroll Tax,0.14791932662881618
2024,15.4% Payroll Tax,0.15246768902978583
2025,15.4% Payroll Tax,0.15617235931047518
2026,15.4% Payroll Tax,0.15689610990727487
2027,15.4% Payroll Tax,0.15942738676691293
2028,15.4% Payroll Tax,0.16028841183295328
2029,15.4% Payroll Tax,0.16222543226246894
2030,15.4% Payroll Tax,0.1637196598237111
2031,15.4% Payroll Tax,0.16509343700208456
2032,15.4% Payroll Tax,0.16577856018540205
2033,15.4% Payroll Tax,0.1689674658263901
2034,15.4% Payroll Tax,0.17097911332993596
2035,15.4% Payroll Tax,0.1712286422493885
2036,15.4% Payroll Tax,0.17031496156934767
2037,15.4% Payroll Tax,0.17080417900711348
2038,15.4% Payroll Tax,0.17069075361194883
2039,15.4% Payroll Tax,0.1705799541163819
2040,15.4% Payroll Tax,0.17080206431307027
2041,15.4% Payroll Tax,0.16950090293163902
2042,15.4% Payroll Tax,0.16954300600083005
2043,15.4% Payroll Tax,0.17020223677282967
2044,15.4% Payroll Tax,0.17016376540174083
2045,15.4% Payroll Tax,0.16765068213750906
2046,15.4% Payroll Tax,0.1685894930972839
2047,15.4% Payroll Tax,0.16818504018679123
2048,15.4% Payroll Tax,0.1678413822238134
2049,15.4% Payroll Tax,0.16858731043745123
2050,15.4% Payroll Tax,0.16906674950429487
2051,15.4% Payroll Tax,0.16789841140143183
2052,15.4% Payroll Tax,0.16900903517333457
2053,15.4% Payroll Tax,0.16835821344485102
2054,15.4% Payroll Tax,0.16912165314201222
2055,15.4% Payroll Tax,0.1701394319290842
2056,15.4% Payroll Tax,0.16988539998039057
2057,15.4% Payroll Tax,0.16964788534866793
2058,15.4% Payroll Tax,0.17052734788895463
2059,15.4% Payroll Tax,0.17232629085827886
2060,15.4% Payroll Tax,0.17158988297189548
2061,15.4% Payroll Tax,0.17412007636267715
2062,15.4% Payroll Tax,0.17404162342427495
2063,15.4% Payroll Tax,0.17552372098221733
2064,15.4% Payroll Tax,0.175261138504375
2065,15.4% Payroll Tax,0.17441517340670162
2066,15.4% Payroll Tax,0.17411477264102704
2067,15.4% Payroll Tax,0.17742364587318826
2068,15.4% Payroll Tax,0.1764657563811976
2069,15.4% Payroll Tax,0.17751279725100988
2070,15.4% Payroll Tax,0.17875665587821832
2071,15.4% Payroll Tax,0.1792833856761718
2072,15.4% Payroll Tax,0.17891587920972946
2073,15.4% Payroll Tax,0.17950749679830108
2074,15.4% Payroll Tax,0.17950039401010343
2075,15.4% Payroll Tax,0.18119173910361533
2076,15.4% Payroll Tax,0.18053303800103393
2077,15.4% Payroll Tax,0.1815542690976522
2078,15.4% Payroll Tax,0.18058761571979004
2079,15.4% Payroll Tax,0.17958955061524187
2080,15.4% Payroll Tax,0.18121660701574452
2081,15.4% Payroll Tax,0.1808176045391139
2082,15.4% Payroll Tax,0.1814645363249922
2083,15.4% Payroll Tax,0.18064517820138815
2084,15.4% Payroll Tax,0.18177477149176044
2085,15.4% Payroll Tax,0.18256968511027727
2086,15.4% Payroll Tax,0.18312378570382287
2087,15.4% Payroll Tax,0.18730466013064384
2088,15.4% Payroll Tax,0.18774958047168908
2089,15.4% Payroll Tax,0.18820112169064648
2090,15.4% Payroll Tax,0.1886544473446885
2005,BPC Package,0.11088980239288546
2006,BPC Package,0.11009089601242979
2007,BPC Package,0.1123532664358174
2008,BPC Package,0.11533282945655698
2009,BPC Package,0.12744613244971578
2010,BPC Package,0.13811924563224573
2011,BPC Package,0.13686109240963185
2012,BPC Package,0.13844612298021564
2013,BPC Package,0.13957097916062566
2014,BPC Package,0.14085104582818858
2015,BPC Package,0.13035126053862167
2016,BPC Package,0.1365283931434004
2017,BPC Package,0.13367674326637152
2018,BPC Package,0.13330614745791378
2019,BPC Package,0.1337438619924846
2020,BPC Package,0.13639904658793814
2021,BPC Package,0.1369650485415146
2022,BPC Package,0.14038467287640816
2023,BPC Package,0.14070481189348072
2024,BPC Package,0.14436743570935145
2025,BPC Package,0.14706437797786276
2026,BPC Package,0.1469608479231075
2027,BPC Package,0.14847710474500836
2028,BPC Package,0.1483208177918657
2029,BPC Package,0.14906976439207112
2030,BPC Package,0.14969398184153426
2031,BPC Package,0.14994239203573362
2032,BPC Package,0.1497300332470324
2033,BPC Package,0.1517429471318582
2034,BPC Package,0.1529602480318737
2035,BPC Package,0.1523785516242143
2036,BPC Package,0.15077926969941213
2037,BPC Package,0.1505560210406617
2038,BPC Package,0.14997644846150587
2039,BPC Package,0.14933633449367917
2040,BPC Package,0.1493367416424967
2041,BPC Package,0.14747815739182674
2042,BPC Package,0.1471558870614611
2043,BPC Package,0.1476084794932768
2044,BPC Package,0.14739884949618115
2045,BPC Package,0.14471874363414194
2046,BPC Package,0.1450488570511992
2047,BPC Package,0.14448464296523075
2048,BPC Package,0.14412845157989207
2049,BPC Package,0.1445029717876008
2050,BPC Package,0.14480166457322619
2051,BPC Package,0.1433639136207143
2052,BPC Package,0.14408641050086762
2053,BPC Package,0.14344161800446378
2054,BPC Package,0.14408245089210908
2055,BPC Package,0.14464051040860496
2056,BPC Package,0.14419054272645462
2057,BPC Package,0.1437111593164968
2058,BPC Package,0.14445548681760703
2059,BPC Package,0.14575755770407808
2060,BPC Package,0.14477751355097784
2061,BPC Package,0.14702454611767785
2062,BPC Package,0.14636163603646885
2063,BPC Package,0.1475503532038638
2064,BPC Package,0.1469260588925247
2065,BPC Package,0.14608687749822738
2066,BPC Package,0.1451420892179901
2067,BPC Package,0.14825446185374722
2068,BPC Package,0.1468780203048528
2069,BPC Package,0.14749865901061981
2070,BPC Package,0.14832188453624098
2071,BPC Package,0.14864386615108557
2072,BPC Package,0.14807226435346552
2073,BPC Package,0.14824779810980473
2074,BPC Package,0.14781168964340494
2075,BPC Package,0.14909405498926498
2076,BPC Package,0.14807609138462952
2077,BPC Package,0.14872165249434677
2078,BPC Package,0.14767172553592767
2079,BPC Package,0.14720902538269912
2080,BPC Package,0.1485074865246775
2081,BPC Package,0.14776983757613266
2082,BPC Package,0.14840176891354195
2083,BPC Package,0.14752609515950602
2084,BPC Package,0.14852231269070826
2085,BPC Package,0.14898516877495738
2086,BPC Package,0.1487652860483074
2087,BPC Package,0.1518883120431092
2088,BPC Package,0.15224803243118612
2089,BPC Package,0.1526131341464917
2090,BPC Package,0.15297970978304923
