calendar.year,scheduled,payable,mini.pia,tax.ssb,cap.spouse,survivor.js75,taxmax90,taxmax90.fica13.4,fica13.4,cola.chaincpi,reduce.cola,increase.fra,increase.fra.era,taxmax150000,taxmax180000,notaxmax,fica14,fica15,bpc.package
2005,1.3242291064786946,1.3242291064786946,1.3242291064786946,1.3242291064786946,1.3242291064786946,1.3242291064786946,1.3242291064786946,1.3242291064786946,1.3242291064786946,1.3242291064786946,1.3242291064786946,1.3242291064786946,1.3242291064786946,1.3242291064786946,1.3242291064786946,1.3242291064786946,1.3242291064786946,1.3242291064786946,1.3242291064786946
2006,1.3410944130668447,1.3410944130668447,1.3410944130668447,1.3410944130668447,1.3410944130668447,1.3410944130668447,1.3410944130668447,1.3410944130668447,1.3410944130668447,1.3410944130668447,1.3410944130668447,1.3410944130668447,1.3410944130668447,1.3410944130668447,1.3410944130668447,1.3410944130668447,1.3410944130668447,1.3410944130668447,1.3410944130668447
2007,1.320248410011085,1.320248410011085,1.320248410011085,1.320248410011085,1.320248410011085,1.320248410011085,1.320248410011085,1.320248410011085,1.320248410011085,1.320248410011085,1.320248410011085,1.320248410011085,1.320248410011085,1.320248410011085,1.320248410011085,1.320248410011085,1.320248410011085,1.320248410011085,1.320248410011085
2008,1.2881884624797846,1.2881884624797846,1.2881884624797846,1.2881884624797846,1.2881884624797846,1.2881884624797846,1.2881884624797846,1.2881884624797846,1.2881884624797846,1.2881884624797846,1.2881884624797846,1.2881884624797846,1.2881884624797846,1.2881884624797846,1.2881884624797846,1.2881884624797846,1.2881884624797846,1.2881884624797846,1.2881884624797846
2009,1.1774406861465643,1.1774406861465643,1.1774406861465643,1.1774406861465643,1.1774406861465643,1.1774406861465643,1.1774406861465643,1.1774406861465643,1.1774406861465643,1.1774406861465643,1.1774406861465643,1.1774406861465643,1.1774406861465643,1.1774406861465643,1.1774406861465643,1.1774406861465643,1.1774406861465643,1.1774406861465643,1.1774406861465643
2010,1.096279995396659,1.096279995396659,1.096279995396659,1.096279995396659,1.096279995396659,1.096279995396659,1.096279995396659,1.096279995396659,1.096279995396659,1.096279995396659,1.096279995396659,1.096279995396659,1.096279995396659,1.096279995396659,1.096279995396659,1.096279995396659,1.096279995396659,1.096279995396659,1.096279995396659
2011,1.0937069511277275,1.0937069511277275,1.0937069511277275,1.0937069511277275,1.0937069511277275,1.0937069511277275,1.0937069511277275,1.0937069511277275,1.0937069511277275,1.0937069511277275,1.0937069511277275,1.0937069511277275,1.0937069511277275,1.0937069511277275,1.0937069511277275,1.0937069511277275,1.0937069511277275,1.0937069511277275,1.0937069511277275
2012,1.0692420270304666,1.0692420270304666,1.0692420270304666,1.0692420270304666,1.0692420270304666,1.0692420270304666,1.0692420270304666,1.0692420270304666,1.0692420270304666,1.0692420270304666,1.0692420270304666,1.0692420270304666,1.0692420270304666,1.0692420270304666,1.0692420270304666,1.0692420270304666,1.0692420270304666,1.0692420270304666,1.0692420270304666
2013,1.0390048169697323,1.0390048169697323,1.0390048169697323,1.0390048169697323,1.0390048169697323,1.0390048169697323,1.0390048169697323,1.0390048169697323,1.0390048169697323,1.0390048169697323,1.0390048169697323,1.0390048169697323,1.0390048169697323,1.0390048169697323,1.0390048169697323,1.0390048169697323,1.0390048169697323,1.0390048169697323,1.0390048169697323
2014,1.029148190822015,1.029148190822015,1.029148190822015,1.029148190822015,1.029148190822015,1.029148190822015,1.029148190822015,1.029148190822015,1.029148190822015,1.029148190822015,1.029148190822015,1.029148190822015,1.029148190822015,1.029148190822015,1.029148190822015,1.029148190822015,1.029148190822015,1.029148190822015,1.029148190822015
2015,1.090556624991161,1.090556624991161,1.0904708458001782,1.0908598205371831,1.090556624991161,1.090556624991161,1.090556624991161,1.090555780078309,1.090555780078309,1.090556624991161,1.090556624991161,1.090556624991161,1.090556624991161,1.090556624991161,1.090556624991161,1.090556624991161,1.0905549648544433,1.0905541532276555,1.0902510955870612
2016,1.0377941679760794,1.0377941679760794,1.0376735615691575,1.0381509723184077,1.0377941679760794,1.0377941679760794,1.0626951356230647,1.0698212636743203,1.0447480550424135,1.0377941679760794,1.0377942103734943,1.0377941679760794,1.0377941679760794,1.0449035162335714,1.0508411684643435,1.1886009221626441,1.0517071091352685,1.0586605121166268,1.037586581150629
2017,1.0434288509225649,1.0434288509225649,1.0433275536300457,1.0438608041716533,1.0434288509225649,1.0434288509225649,1.0856701797806305,1.1005118447609796,1.0576943532688132,1.0463139722290653,1.0459799448243576,1.0434288509225649,1.0434288509225649,1.0559961473344532,1.0664344344822092,1.1950621299244342,1.0719482479478264,1.0861799689995737,1.0607228679773466
2018,1.0327700987322739,1.0327700987322739,1.032655114370891,1.0332681748385462,1.0327700987322739,1.0327700987322739,1.0845794248941096,1.107125389946052,1.0542690496356943,1.0384777718430653,1.0379198913355532,1.0327700987322739,1.0327700987322739,1.0489132530362872,1.0623227573910206,1.1818505162512332,1.0757298371662725,1.0971413024007257,1.0704260600351818
2019,1.0194348249420369,1.0194348249420369,1.0193088675256283,1.0199881338045453,1.0194348249420369,1.0194348249420369,1.08465234844719,1.1151213370045998,1.0481614695922055,1.0278959678058002,1.0270872687205121,1.0194348249420369,1.0194348249420369,1.0354176760200149,1.05405324344238,1.1788925578672722,1.0768100335768003,1.1053728950259072,1.0748253276300734
2020,0.9993781129003654,0.9993781129003654,0.9992621201145392,0.9966813148875217,0.9993781129003654,0.9993781129003654,1.0684981224816337,1.1065262779233382,1.0351253915453449,1.0104131011514055,1.0093462308758638,0.9993781129003654,0.9993971327682745,1.0151658346635914,1.033598070059631,1.1533631200109538,1.070745358226187,1.1062337424202267,1.062733495389152
2021,0.9925170316023816,0.9925170316023816,0.9923643680257609,0.989199658109686,0.9925170316023816,0.9925170316023816,1.0695753559740113,1.1159317884825783,1.0358518596112092,1.0061481375973758,1.0046837264767257,0.9925170316023816,0.9925159601787616,1.008916295274841,1.02760004364029,1.1545687865591472,1.0789989495259347,1.1219565469059227,1.065886408026264
2022,0.9666541452606656,0.9666541452606656,0.9664428051342756,0.9631430929844044,0.9667853051644757,0.9670111648304752,1.0439737683635706,1.0975592558655827,1.016752450294267,0.9824812785107873,0.9807356979655288,0.9666541886184337,0.9666181074536724,0.9833952912570184,1.0016003453246265,1.121467151720668,1.0665970996704046,1.1161870108052627,1.0491686860065006
2023,0.9594899875256288,0.9594899875256288,0.959001778125767,0.9554966187281516,0.9599426316274666,0.960663752377489,1.048559876288409,1.1110623912980346,1.0173991817251258,0.9777895020413406,0.9756941938202216,0.9594900969141464,0.9593699278268119,0.9771047518357928,0.9957834551880633,1.1275004293437871,1.0749695749267947,1.1322040477033959,1.0543953767081524
2024,0.9317667650965871,0.9317667650965871,0.9308907483371517,0.9276612468412115,0.9326032537179313,0.9341356977460867,1.0246906159211717,1.0945878653218468,0.9963188691343027,0.9520585941874622,0.9496466441961311,0.9317873183467228,0.9317756424906141,0.949505692258954,0.9680620034282449,1.1028493245535933,1.0604465912234917,1.1241627098106923,1.0375777057736322
2025,0.9119456657854178,0.9119456657854178,0.9101929874861102,0.9075450924218121,0.913410448021935,0.9162469134472525,1.0039488197661388,1.081712099503694,0.9839753363184975,0.934390632053191,0.9316637186452787,0.9120226253076485,0.9120592998826421,0.9304890953423194,0.9493881881519509,1.0801066032902158,1.0554894319801484,1.126495293177612,1.03115212968703
2026,0.9062936895873561,0.9062936895873561,0.9032213020378466,0.9012853764262044,0.9085415906091354,0.9127290216048101,1.0077909185761356,1.0891109584465142,0.9812280023250282,0.931276022990457,0.928189118436191,0.9064723094258854,0.9070259649570366,0.9261926976111289,0.945827384333603,1.0888121372909754,1.0556300816287119,1.1295078856055716,1.042380099310763
2027,0.8902235331934585,0.8902235331934585,0.8853531470917007,0.884963757540714,0.8934836021501437,0.8994185700474098,0.9916384601796366,1.0754504589570133,0.9676915790648829,0.9175497788176246,0.9141299507556658,0.8905744744608972,0.8910606121408038,0.9116210456222243,0.9316863126936996,1.0708288111744872,1.0446186757233664,1.12101239348928,1.0361791684428103
2028,0.8816714598660684,0.8816714598660684,0.8746111404566383,0.8759148056692827,0.8858870074708163,0.8935312187587469,0.9907289137565332,1.0785491972107768,0.9626782469155288,0.9116087390075104,0.9078406195684112,0.8822439579538781,0.8830946588503309,0.9047744981742656,0.9259266318964792,1.0779870164571208,1.0431202742155739,1.1230037976696037,1.0403383891671405
2029,0.8666666413666166,0.8666666413666166,0.856716846894913,0.8604825485407194,0.8719231967231507,0.8812339859966462,0.9799752490051417,1.0714290516291545,0.9510442491209349,0.8991363777061199,0.8950159119607249,0.8682847044638798,0.8692598110704,0.8914395731110696,0.9134051251140295,1.068011495943087,1.0348776855930997,1.1181130492897373,1.0387886564141595
2030,0.8499209387927792,0.8499209387927792,0.8368674134742737,0.8433361534452324,0.8560407171791891,0.867043246145628,0.9618302969228306,1.0550003381267452,0.9361135819889222,0.8842242036670305,0.8798299800452725,0.8520204035560291,0.8532010024470261,0.8754103638126135,0.8971429106630934,1.0492802466376905,1.0217497432502267,1.1067827417057605,1.0306774083227768
2031,0.8330839272191901,0.8330839272191901,0.8167165378461759,0.8261340732296261,0.8399535152862189,0.8523691718186129,0.9448038986100845,1.0391703346617758,0.9204625481539789,0.8688507421053724,0.8642420480945651,0.8363050884791379,0.8375811542658474,0.8592893965967987,0.8813278906490212,1.0287104100172177,1.0072888229682024,1.0935076597242221,1.023118302344737
2032,0.8193777528653191,0.8193777528653191,0.7996271811504309,0.8121777153924963,0.8268454946127611,0.8409025154249281,0.9344217847407018,1.0293111822101597,0.9069943727079246,0.8561973810480247,0.851413258478726,0.8229985214921455,0.8243505103144911,0.8461534212659304,0.86800515643858,1.0187151343483174,0.9940696077089758,1.0805384856067788,1.015761407344081
2033,0.7941472146671875,0.7941472146671875,0.7716120537000792,0.7873042593498777,0.8019514441317224,0.816582140691055,0.9046710541697881,0.9942797924227301,0.876656964913992,0.8297632649453338,0.8251205056897661,0.7989038389481541,0.8006735844380531,0.8196205255139485,0.8393580443636481,0.9842846219405011,0.9586349868872914,1.0400637632157046,0.9857562030583054
2034,0.7752790585885121,0.9698410002093113,0.7493188148929822,0.769791174388429,0.788737583986358,0.8074250172975844,0.923472105625166,1.0419050507238152,0.888239077337105,0.826373293608644,0.8202077350833306,0.7847486389043099,0.7865742491879562,0.8126987842986377,0.8401186848757414,1.0364363700134902,0.9970685873925799,1.1052001361868942,1.0304500006137425
2035,0.7594964537950779,1.0,0.7243652599470761,0.7494980606637578,0.771429712244594,0.7933848303068995,0.9218777201707519,1.0574825065950357,0.8855509156137367,0.815057366137169,0.8078958512660397,0.7676588366308088,0.7698277734006022,0.7990571605533834,0.8302161800592236,1.0504662424756925,1.0105673988310127,1.134789522466935,1.0525556580435693
2036,0.7516703697323167,1.0,0.7138807354998927,0.7418467953044919,0.7636843138981162,0.7857393292413006,0.9062616103972997,1.0346696784447065,0.8708682901576621,0.8051788503049414,0.7982116812095197,0.7601227261509014,0.7622406321196051,0.7899613855954445,0.8192286346225497,1.0227562590004566,0.9891155443158764,1.1066235211504605,1.037078334281516
2037,0.7367225956409383,1.0,0.6958391785747171,0.726894518945462,0.7493348357464217,0.7725725885230021,0.8921324727803065,1.0211252461030775,0.8564109229132266,0.7913237739927016,0.784193378977056,0.7465682383456046,0.7486016949841818,0.7753541340585004,0.8040920385624607,1.00501862134045,0.9751622406291021,1.0931824342410363,1.0290652440288108
2038,0.7244617750950765,1.0,0.6798998357934478,0.714373423477425,0.7377251725573827,0.7619361546041876,0.8789315084080742,1.0103091585984867,0.8466686432508198,0.780958296552792,0.7735468653559231,0.7353583577372724,0.7374291626849948,0.7644741156316446,0.7934533039009345,0.9926168807341214,0.9679380000410185,1.0884752040450625,1.0272304937567762
2039,0.7118175248209154,1.0,0.6634450469358681,0.701405383239999,0.7259287602419048,0.7508883297382939,0.8717373041036452,1.0068355298438785,0.8374285844366424,0.7705608471547212,0.7627979261804412,0.7237904292878128,0.7261091022653354,0.7533688234422268,0.782790435272912,0.9888497360836427,0.9620955575663076,1.0860267445244625,1.0274372623600374
2040,0.6979028399526411,1.0,0.6456739332098933,0.6870930396077337,0.7127716869923786,0.7390052995641132,0.8611081557967512,0.9996976992169877,0.8268744186569953,0.7588586648062222,0.7507753238527785,0.7105686237004957,0.7132515848587352,0.740609926332231,0.7703485602323384,0.9773258689862665,0.954888528024272,1.0821908491390515,1.0242541722495335
2041,0.6907595590811627,1.0,0.634023337271676,0.6793735756447977,0.7064835070302814,0.7338071596947755,0.8594372509085749,1.002714443042989,0.8241585175367453,0.7544503956780132,0.7459744858439838,0.7057446968544407,0.7082820858752908,0.7354245231966094,0.7658607420384409,0.9799984157042396,0.9565850376010032,1.0882804344641348,1.0337877919140017
2042,0.6773251341648956,1.0,0.616698058304129,0.6656786820671562,0.6937025528456269,0.7216642905426599,0.8509598801255049,0.9983767181441077,0.8146429061146836,0.7433570386564574,0.7345202502687993,0.6935114122375495,0.6962069396458949,0.7240807410249244,0.7552918557865986,0.9725874101021253,0.9509806500945821,1.0865818748917582,1.0337088223341342
2043,0.6610929293094825,1.0,0.5965695640347333,0.6488938452587758,0.6781386178162373,0.7068193264061451,0.8369455244225135,0.9883073221467598,0.8023510063009198,0.7294669319802046,0.7202514401846886,0.6786183092397877,0.6817798557130919,0.708795860266035,0.7400014393332714,0.9613925393387175,0.9426131407832111,1.0821205253785218,1.0293084021591923
2044,0.6484207846558778,1.0,0.5797824050677901,0.6356897085686904,0.6662678051799248,0.6956738234527235,0.8273353363196656,0.9827254572914853,0.7935720994383146,0.7190336692546844,0.7094648180726514,0.6670856865617592,0.6706875092841671,0.6976728164908302,0.729547310244323,0.9495699454748153,0.9376978506174527,1.0810344321184504,1.028848967052657
2045,0.6453352444749538,1.0,0.5719447219797815,0.6321985206013673,0.6640296641418855,0.6937599099046681,0.8308843452583204,0.9918965376464591,0.7958336480966737,0.7189388770874514,0.7088843197878696,0.6667137125402012,0.6701475494189334,0.6972451254411333,0.7299840723164028,0.9580291214560692,0.9452945760781445,1.093949312511789,1.0443785757854895
2046,0.6278131632701139,1.0,0.5503047441999652,0.6141449026093471,0.6473030047415445,0.6775750575525944,0.822304503435465,0.9881613634087933,0.7826643929899173,0.7038826534219685,0.6934246279185079,0.6516275649463493,0.654944069745475,0.6814959634942639,0.7150703050183352,0.9530001944320946,0.9364732648112609,1.0894617459694718,1.0421452180303923
2047,0.6155294146491592,1.0,0.5336184440958696,0.6014709681710125,0.6360164969302078,0.6664173034980634,0.8107732091669074,0.9813510782462987,0.7752239043369122,0.6943058210092974,0.6834193563250138,0.6417474711841369,0.6452677185433191,0.670877190720882,0.7050682985490899,0.9414712545047688,0.9338535531009269,1.0916522468565006,1.045423975668403
2048,0.6032540130001063,1.0,0.5170430735549274,0.5887682366400111,0.6245211277733331,0.6552442113836909,0.8048268969083548,0.9802596129191975,0.7675684517614833,0.6845216571588766,0.6732089971430505,0.6307345397507175,0.6343569113044921,0.6609072347111675,0.6955693006055936,0.9389174435807542,0.930819815192621,1.0932327548596998,1.0470704453664774
2049,0.5872762095824441,1.0,0.4973610170407859,0.5721763155285857,0.6092401722810546,0.640108418343731,0.7919211842871656,0.9713265582368819,0.7555428013968769,0.6706593479783245,0.6589955304420648,0.6173128546909811,0.6213526790284217,0.6466010320657903,0.6817304807642696,0.9286690217008163,0.9227554600294621,1.0891196251251287,1.0445597593392977
2050,0.5716670283361663,1.0,0.4776305326342864,0.5560674515408905,0.5943859769874515,0.6255820857343516,0.7755420673259688,0.958859566509969,0.744094146878203,0.6573052035562044,0.6452516389734384,0.6036811272833843,0.6076570297326042,0.6326673397563951,0.6681029388046347,0.9109021090228867,0.9154657976870024,1.0859810496580893,1.0422303238510575
2051,0.5626936101700213,1.0,0.4641661613376765,0.546660279213041,0.5862429417756818,0.6175625437698283,0.7779772237508263,0.9668257864668198,0.7400196790895783,0.6509760690093638,0.6384763461391452,0.5971444809309314,0.6017071711882086,0.6262623991163941,0.662661164921969,0.9173096622607038,0.9162795530248191,1.091674482132486,1.0508703207949286
2052,0.5436289165715331,1.0,0.4410953972957028,0.527097462554602,0.5679129867862509,0.5995965608670194,0.7591570693208896,0.9522073504755937,0.7253442267387706,0.6342804113051647,0.621389066255108,0.5805976735216124,0.5849316483116415,0.6087125803272189,0.6456919782556078,0.8979862048897126,0.9059813928829917,1.0857489063326837,1.0462879903920392
2053,0.5314207443714755,1.0,0.42432071487183626,0.5144350908472879,0.5565313884686272,0.5886530257740208,0.7580125696565978,0.9568192605800304,0.718316364688744,0.6248165767612731,0.6114851996942662,0.5703541697790278,0.5748640479527701,0.5992011216481504,0.6369810654261545,0.8998493481203679,0.904131968182584,1.0890748070978447,1.0503114269278786
2054,0.5141913091438448,1.0,0.40297399816077306,0.49659302382032433,0.5401468253653089,0.5724212561715075,0.7419744225045368,0.9451548006270915,0.7055991713491179,0.6100040916116989,0.59627557221541,0.5559857510780247,0.5607507549844931,0.5828078115170322,0.6206360294783076,0.8868546532179286,0.8959151410297674,1.085353835281188,1.0467509531411996
2055,0.49572669499198097,1.0,0.38063322581467113,0.4776186674334942,0.5223382862928887,0.55487735938342,0.7283151021444827,0.9358632333588115,0.6913309068076315,0.5936815644972672,0.5795994490506126,0.5398925531285815,0.5448487132856225,0.5667692402744475,0.6053657858410622,0.8758095055259649,0.8858459664877283,1.0794879160849522,1.0431231428326742
2056,0.4814937929143167,1.0,0.3620299519597243,0.46291739411904703,0.5089254902892701,0.5414953375201886,0.714436314269098,0.9266576222894843,0.682030462141798,0.5821086126087819,0.5675980683671723,0.5287440936935391,0.5334263372864616,0.5544124718290256,0.5935597891176093,0.8613349264931467,0.8814689077341284,1.0800290777905177,1.0457422513993972
2057,0.4690564448367303,1.0,0.3453461392600272,0.4498133203374765,0.4972066876269826,0.5299916705264559,0.70921889040895,0.9262012404107167,0.6740880600634005,0.5719880849316481,0.5570970940032623,0.5191278473513516,0.5244719814553681,0.544211877653498,0.5837954510053316,0.8588805785408316,0.8780077049672007,1.081062869717245,1.0491214391454395
2058,0.4500633715994607,1.0,0.32233638474991977,0.4304484606472817,0.47888103175376934,0.5118091271673336,0.6921363012673988,0.9134293129967229,0.659538974303557,0.5553301207993535,0.5400675282551062,0.5025830973870102,0.5077446231684853,0.5269933731475924,0.5670404016311826,0.8431847558694207,0.8679010450819002,1.0753928285289254,1.044070469208565
2059,0.4279207069411571,1.0,0.29666743290717273,0.4077027209416973,0.4574008913327576,0.4905457597464022,0.670485249037573,0.8956622579623569,0.6413940478856612,0.5353112810448708,0.5197225194123701,0.482696936633465,0.4878443157520289,0.5066629384720429,0.5471557963019767,0.8227915952834938,0.8537524073942043,1.0652471706450823,1.0356537462206101
2060,0.4150585396766375,1.0,0.2793879408667492,0.3943665608481357,0.445342756189743,0.478333577347643,0.6695868016985226,0.9006261311053119,0.6337269382890965,0.5252391161317213,0.509202738858795,0.47304054910203264,0.47834746682186347,0.4966476302594728,0.5380222479100185,0.8255728233589882,0.8512791944663555,1.0679659381854236,1.0414024817485306
2061,0.38944301937951836,1.0,0.25069111892976087,0.3682764680138112,0.4202976983019578,0.45361671287701716,0.6428805426152614,0.8772283893368674,0.6117399953878447,0.501531521094343,0.48516878921782286,0.44901759307946526,0.4544546809743979,0.47212625219364635,0.513812860271691,0.800065434907248,0.8329210327583011,1.0532546719897273,1.02668261074261
2062,0.37336252867365244,1.0,0.23035439391562715,0.35172887608543346,0.4050065980626669,0.4385194474097462,0.6375615024937068,0.8773810817354885,0.6005115536335576,0.488067051021684,0.4712916109884202,0.43622188945010076,0.4414400804792561,0.45887444797512783,0.5012022715549193,0.797373085241282,0.8265434615111091,1.0517241058726998,1.0297681761052886
2063,0.35121948804639325,1.0,0.20448669465343294,0.32906173195709726,0.3835411387130057,0.4171796695140034,0.6129877717861126,0.8566979971555301,0.5827248707055525,0.4682662450133679,0.4511192141649673,0.4164300826512262,0.4218431864105762,0.4387293785971017,0.4815125684963258,0.7748738639398475,0.813107920703836,1.0426374139585546,1.0218068428451288
2064,0.33497029824267044,1.0,0.1837844801946369,0.3122390414693467,0.36805473522024235,0.40202792963312006,0.6027052653005276,0.8517959542364869,0.5716154691530857,0.4547416718530772,0.43717217814576004,0.403613560224475,0.4094580539922021,0.4248241702791129,0.46835662411730494,0.7660310877541547,0.807131381263306,1.0417985512400967,1.0244211602510254
2065,0.3202027070779446,1.0,0.16416297172902222,0.2969553358412867,0.3542449488823716,0.38862696496875176,0.5894181182705879,0.8441197572420909,0.5625971186179084,0.443061987723376,0.4249943253906834,0.39197747571967345,0.3975840578115494,0.41271394073163864,0.45707517802611064,0.7536380678054735,0.8038585231310357,1.0442576807345743,1.0288290965678435
2066,0.30453587999265297,1.0,0.14406209234607112,0.28075753748273047,0.33936708544067107,0.37424331548196826,0.5878950194656256,0.8484888770346435,0.5519585917900276,0.43012611504912296,0.41163191922067865,0.37962102346507254,0.3853874924947604,0.400548439659581,0.44579192214068125,0.7591704265398338,0.7982455384208308,1.0436803060759072,1.0341573059003282
2067,0.274736611194528,1.0,0.11110342492795983,0.25039472634464033,0.3101221980784025,0.34524789466517847,0.5532449478066198,0.8171851914893814,0.5260264790040263,0.40242186469963437,0.38359386254485667,0.3518410987987551,0.3574990630447911,0.3717254862531685,0.4170623407253675,0.7221366029447759,0.776171763810911,1.0254682533580681,1.0143538320352783
2068,0.2601264458782456,1.0,0.0917954012894273,0.23544809368615982,0.29639510723922413,0.3317609410716427,0.5489034486115519,0.8188583326312029,0.5167943012456426,0.39072980360991455,0.37143490035934235,0.34077266637936865,0.3467756047385166,0.35992110944425226,0.40612402308352064,0.7228506321186378,0.7723088820353509,1.026968841394629,1.0209587494496317
2069,0.23691548119235675,1.0,0.06427818796512533,0.21158257736101763,0.27397495935457655,0.30980052750008424,0.5327961028096859,0.808245084125225,0.4987977412389025,0.3702890095584604,0.35056054710488815,0.32050097709085135,0.3269934611129456,0.3394020527651433,0.3864849492412415,0.7115543160692667,0.7595262108131886,1.0193955780390418,1.0161727528672646
2070,0.21475928667305297,1.0,0.03826703270668353,0.1889239199282314,0.25253416858120953,0.2886709115483267,0.5138708746242217,0.7936283370955985,0.4810048008015281,0.3504873105873125,0.3304009948065958,0.3013904919824411,0.3080570782173723,0.31893033010027966,0.36624718919351296,0.6954873244469244,0.746091207714664,1.0103071750885804,1.0099145841773562
2071,0.1939392517542132,1.0,0.013115094878122582,0.16742168744872613,0.232556980960602,0.2689648269020835,0.4944501941880343,0.7792112221548164,0.4653174680123537,0.3324164757467378,0.3118892841783132,0.2837853951214558,0.29064667643405534,0.3003137913112561,0.34787282438483036,0.6769862546881067,0.73552613321184,1.0048646932520655,1.0065316371477753
2072,0.1765735466948501,1.0,-0.008838107676403343,0.1496936640027228,0.21604275625738698,0.2526865656599836,0.4819467424287217,0.7720155936728536,0.4531330237952412,0.3178505054125128,0.29687220685576077,0.269713684716807,0.27679522595158346,0.2854531732829285,0.33377382369405195,0.6674312844805363,0.7285112143131478,1.003002186891843,1.0085216087367903
2073,0.15522811921707483,1.0,-0.034506336833573514,0.12774467267408166,0.1955163969377025,0.23243508610027414,0.46941743976776795,0.7649395230053471,0.4368583155721378,0.29921950156116195,0.277814462714522,0.2514783926839138,0.2583374545038593,0.26686025932133395,0.3161463705041549,0.6560841908471525,0.7172983442616335,0.9968458186832135,1.0058583125611444
2074,0.1343149896502428,1.0,-0.06029719405461738,0.10634873052202777,0.17552262877523547,0.2128838372273308,0.4550943281794328,0.7566990278069003,0.42176585410165107,0.2814475752340946,0.25954790691874996,0.23427299635818635,0.2408789985891463,0.24909998974732409,0.29898368797564684,0.6468558977121986,0.708017293034212,0.9933654625220105,1.0068547665438985
2075,0.10640991824431416,1.0,-0.09269960003278999,0.07783936123703532,0.14851343733548922,0.18623394370397792,0.4302244701165601,0.7373819461075743,0.3993959154274669,0.25651621281300846,0.2341439070632553,0.2095227608507092,0.21601067709786345,0.2232832250147311,0.27375423830898704,0.6236521758746134,0.6911700387324449,0.9820428844024762,0.9976240003453336
2076,0.08676811429246013,1.0,-0.11764349495925405,0.05756940574853547,0.12991636945284313,0.16806179339223293,0.41919218973566347,0.7331267074761187,0.3861151610650958,0.24028315293456642,0.21736651148881417,0.1939037294409072,0.200395712837476,0.20725540080238747,0.25855705539099483,0.6168035343078024,0.6842406123664362,0.9814613218941834,1.0022602423745322
2077,0.06201731137541577,1.0,-0.14691956887932464,0.032360757088196954,0.10605286133006792,0.14451943061617073,0.39705698893537467,0.7163811339384432,0.36670276228872306,0.2184004467899475,0.19503490944919563,0.17253891577487673,0.17908227643745664,0.18479710675555644,0.2368127528918183,0.5980398428928886,0.670165716711626,0.9727120656559715,0.9968103420204016
2078,0.041809870235838965,1.0,-0.17291342058755807,0.011552537942634222,0.0869823869259511,0.1259348993515045,0.38255798908352173,0.70894807568787,0.35342863266946617,0.20193247620309895,0.1779719472775351,0.15648606887792396,0.16314339241885492,0.16873460904258358,0.22191906016787763,0.5861843054883952,0.6638059528473201,0.9732548828159321,1.0014520626561574
2079,0.022648059314480693,1.0,-0.19770660674926271,-0.00831717697904383,0.06890385250649156,0.1082517673795541,0.37154959617659955,0.7050365129167273,0.34094977822311545,0.18637265001296416,0.16184464206357677,0.14158506409397148,0.14822480977269598,0.15277714804915354,0.20670492348428357,0.5795968010027269,0.6579875416542891,0.9740788650030541,1.0028594505527044
2080,-0.004711933645856899,1.0,-0.22961485986128555,-0.03633949195271952,0.042413015967680275,0.08213290342104328,0.3488183940922829,0.6879357435262623,0.3190945433542393,0.16199007651262934,0.13698974540321138,0.11756520170666947,0.12423151919219591,0.12728520637682705,0.18177486630097814,0.5595388614730058,0.6416181845255308,0.9631827243656965,0.9943573279345131
2081,-0.024196606118305597,1.0,-0.2540347818740692,-0.056239583159444,0.023903359547551815,0.06394526888376366,0.3350689270024313,0.6800228613431059,0.3052737845264197,0.14559898339949623,0.12010352257014,0.10195208582496937,0.10863974597084235,0.1114835162084741,0.166747938297394,0.5491748188660988,0.63344610094346665,0.9606504305524379,0.9968174557271564
2082,-0.05050646676245298,1.0,-0.28551472864400335,-0.08306916929965091,-0.0013626371611161993,0.039033099423980214,0.3155787211606612,0.6672062186609068,0.2852995478757803,0.12269087200199287,0.09665983786552325,0.07952913120434218,0.08626812133549011,0.08774237681630029,0.14386391312270197,0.5322503662497207,0.6197905147692357,0.9533032651007022,0.9913110958502734
2083,-0.06997510128439946,1.0,-0.31065482317272197,-0.10345426091758798,-0.019724175370519667,0.020967749984298296,0.30507137317775485,0.6637528173928621,0.2724401998574197,0.10680863685920147,0.08020825186215005,0.06431603018832986,0.07112111285486068,0.07181292605444377,0.12865464683019628,0.5267078050583301,0.6135216951630444,0.9536073913446387,0.9956683746898245
2084,-0.09848342340095133,1.0,-0.34435866260420994,-0.13251721454064744,-0.04718024035406153,-0.006080951712200124,0.2799591969934663,0.6450637438885384,0.25039844988408233,0.08176687306032393,0.05461939113954361,0.03965955968173413,0.04655026258928413,0.045820653945291376,0.10341127741944019,0.5043389790833749,0.5979229561533187,0.9444386255845068,0.9880629822162333
2085,-0.12464892669196816,1.0,-0.37548719111977286,-0.15904304517544737,-0.07237529784550178,-0.030988329172939966,0.2562397927432726,0.6272175607111836,0.2300705122548649,0.05874592138777517,0.031097881448545407,0.017238897134326605,0.024256446523704785,0.022605692883750035,0.08087395586167118,0.4824725745518732,0.5834137736458616,0.9357256006113279,0.9830754493872144
2086,-0.1461794755296519,1.0,-0.40143405647487307,-0.1812173591313901,-0.09307448840354442,-0.05156896172988209,0.24335469407527982,0.619584625256929,0.21336799544347707,0.03986041232762624,0.011784980159365448,-7.695201896200761e-4,0.00626996662280196,0.0042026758330398414,0.06325462796644701,0.4727967277129724,0.5715301736354408,0.9286546507557435,0.9825805597122496
2087,-0.16865108624582625,1.0,-0.423912886475117,-0.20369402420285251,-0.11551483449885608,-0.07463937341524915,0.21570552470423923,0.5910491190002436,0.19050952892832773,0.01736682695623024,-0.010719478841354576,-0.022349028575504665,-0.01608883313201296,-0.01824811657923199,0.04007941772206163,0.4441259295208321,0.5482719179622236,0.9049873779970733,0.961749825808962
